player_name,position,injury_type,status,practice_participation,team,source,scraped_at
Paris Johnson Jr.,OT,Feb 9,IR,"Jan 5: Johnson told reporters Monday that his knee injury will be fine ""in a couple of weeks"" and shouldn't impact his offseason training, Theo Mackie of The Arizona Republic reports.",Unknown,ESPN,2026-01-10 17:25:45.059467
Evan Brown,G,Feb 9,Questionable,,Unknown,ESPN,2026-01-10 17:25:45.059467
Channing Tindall,LB,Feb 9,Questionable,"Jan 4: Tindall (knee) is questionable to return to Sunday's contest against the Rams, Josh Weinfuss of ESPN.com reports.",Unknown,ESPN,2026-01-10 17:25:45.059467
Marvin Harrison Jr.,WR,Feb 9,IR,Jan 2: The Cardinals placed Harrison (foot) on injured reserve Friday.,Unknown,ESPN,2026-01-10 17:25:45.059467
Kitan Crawford,S,Feb 9,IR,"Jan 1: The Cardinals placed Crawford (ankle) on injured reserve Thursday, Darren Urban of the team's official site reports.",Unknown,ESPN,2026-01-10 17:25:45.059467
Walter Nolen III,DT,Feb 9,IR,"Dec 30: Nolen successfully underwent surgery on his left knee Tuesday, Josh Weinfuss of ESPN.com reports.",Unknown,ESPN,2026-01-10 17:25:45.059467
Kei'Trel Clark,CB,Feb 9,IR,"Dec 30: The Cardinals moved Clark (back) to injured reserve Tuesday, Darren Urban of the team's official site reports.",Unknown,ESPN,2026-01-10 17:25:45.059467
Garrett Williams,CB,Feb 9,IR,"Dec 24: Williams tore his Achilles in Week 16 against Atlanta, Theo Mackie of The Arizona Republic reports.",Unknown,ESPN,2026-01-10 17:25:45.059467
Andre Baccellia,WR,Feb 9,IR,"Dec 16: The Cardinals placed Baccellia (neck) on injured reserve Tuesday, Zach Gershman of the team's official site reports.",Unknown,ESPN,2026-01-10 17:25:45.059467
Bam Knight,RB,Feb 9,IR,"Dec 16: The Cardinals placed Knight (ankle) on injured reserve Tuesday, Zach Gershman of the team's official site reports.",Unknown,ESPN,2026-01-10 17:25:45.059467
Bilal Nichols,DT,Feb 9,IR,Dec 13: Nichols (knee) was placed on injured reserve Saturday.,Unknown,ESPN,2026-01-10 17:25:45.059467
Trey Benson,RB,Feb 9,IR,"Dec 10: Cardinals head coach Jonathan Gannon said Wednesday that Benson (knee) will not be activated from IR, ruling him out for the remainder of the 2025 season, Darren Urban of the team's official site reports.",Unknown,ESPN,2026-01-10 17:25:45.059467
Kyler Murray,QB,Feb 9,IR,"Dec 7: Murray (foot) might never play for the Cardinals again, with the team treating him like the Broncos did with Russell Wilson a couple of seasons ago, Jay Glazer reported on Fox NFL Sunday.",Unknown,ESPN,2026-01-10 17:25:45.059467
Greg Dortch,WR,Feb 9,IR,"Dec 6: The Cardinals placed Dortch (chest) on injured reserve Saturday, Darren Urban of the team's official site reports.",Unknown,ESPN,2026-01-10 17:25:45.059467
Will Hernandez,G,Feb 9,IR,Nov 29: The Cardinals placed Hernandez (hip) on injured reserve Saturday.,Unknown,ESPN,2026-01-10 17:25:45.059467
Jonah Williams,OT,Feb 9,IR,Nov 21: The Cardinals placed Williams (shoulder) on injured reserve Friday.,Unknown,ESPN,2026-01-10 17:25:45.059467
Mack Wilson Sr.,LB,Feb 9,IR,"Nov 15: The Cardinals placed Wilson (ribs) on injured reserve Saturday, Darren Urban of the team's official site reports.",Unknown,ESPN,2026-01-10 17:25:45.059467
Simi Fehoko,WR,Feb 9,IR,"Nov 12: Fehoko (wrist) was placed on injured reserve Wednesday, Darren Urban of the Cardinals' official site reports.",Unknown,ESPN,2026-01-10 17:25:45.059467
Zay Jones,WR,Feb 9,IR,Nov 12: The Cardinals placed Jones (Achilles) on injured reserve Wednesday.,Unknown,ESPN,2026-01-10 17:25:45.059467
Travis Vokolek,TE,Feb 9,IR,"Oct 15: The Cardinals placed Vokolek on injured reserve Wednesday due to a season-ending neck injury, Darren Urban of the team's official site reports.",Unknown,ESPN,2026-01-10 17:25:45.059467
Blake Gillikin,P,Feb 9,IR,"Oct 11: The Cardinals placed Gillikin on injured reserve Saturday due to a back injury, Zach Gershman of the team's official site reports.",Unknown,ESPN,2026-01-10 17:25:45.059467
Tip Reiman,TE,Feb 9,IR,Oct 8: Reiman (ankle) was placed on injured reserve Wednesday.,Unknown,ESPN,2026-01-10 17:25:45.059467
James Conner,RB,Feb 9,IR,Sep 23: The Cardinals placed Conner (foot) on injured reserve Tuesday.,Unknown,ESPN,2026-01-10 17:25:45.059467
Joey Blount,S,Feb 9,IR,"Sep 10: Head coach Jonathan Gannon told reporters Wednesday that Blount (neck/concussion) will be placed on injured reserve and miss the remainder of the season, Josh Weinfuss of ESPN.com reports.",Unknown,ESPN,2026-01-10 17:25:45.059467
J.J. Russell,LB,Feb 9,IR,"Aug 27: Russell was placed on injured reserve by the Cardinals on Tuesday, Darren Urban of the team's official website reports.",Unknown,ESPN,2026-01-10 17:25:45.059467
Tyrone Wheatley Jr.,OT,Feb 9,IR,,Unknown,ESPN,2026-01-10 17:25:45.059467
Ronnie Harrison Jr.,LB,Feb 9,Questionable,,Unknown,ESPN,2026-01-10 17:25:45.059467
Brandon Dorlus,DT,Feb 9,Questionable,,Unknown,ESPN,2026-01-10 17:25:45.059467
Cobee Bryant,CB,Feb 9,Questionable,"Jan 4: Bryant has entered the league's concussion protocol and has been ruled out for the rest of Sunday's game against the Saints, Tori McElhaney of the Falcons' official site reports.",Unknown,ESPN,2026-01-10 17:25:45.059467
Sam Roberts,DT,Feb 9,IR,"Jan 3: Roberts (knee) was not activated from injured reserve Saturday and has been ruled out for Sunday's game against the Saints, Terrin Waack of the Falcons' official site reports.",Unknown,ESPN,2026-01-10 17:25:45.059467
DeMarcco Hellams,S,Feb 9,IR,"Jan 3: Hellams (hamstring) was not activated from injured reserve Saturday and has been ruled out for Sunday's game against the Saints, Terrin Waack of the Falcons' official site reports.",Unknown,ESPN,2026-01-10 17:25:45.059467
Clark Phillips III,CB,Feb 9,IR,"Jan 2: Phillips (triceps/illness) has been ruled out for Sunday's game against the Saints, Josh Kendall of The Athletic reports.",Unknown,ESPN,2026-01-10 17:25:45.059467
Mike Hughes,CB,Feb 9,IR,"Jan 1: The Falcons placed Hughes (ankle) on injured reserve Thursday, Tori McElhaney of the team's official site reports.",Unknown,ESPN,2026-01-10 17:25:45.059467
KhaDarel Hodge,WR,Feb 9,IR,"Dec 19: The Falcons moved Hodge (shoulder) to injured reserve Friday, Tori McElhaney of the team's official site reports.",Unknown,ESPN,2026-01-10 17:25:45.059467
Bralen Trice,LB,Feb 9,IR,"Dec 17: Trice (knee) has been ruled out for the remainder of the season, D. Orlando Ledbetter of The Atlanta Journal-Constitution reports.",Unknown,ESPN,2026-01-10 17:25:45.059467
Zach Harrison,DE,Feb 9,IR,"Dec 17: Harrison (knee) won't return this season, D. Orlando Ledbetter of The Atlanta Journal-Constitution reports.",Unknown,ESPN,2026-01-10 17:25:45.059467
Troy Andersen,LB,Feb 9,Out,"Dec 17: Andersen (knee) has been ruled out for the remainder of the season, D. Orlando Ledbetter of The Atlanta Journal-Constitution reports.",Unknown,ESPN,2026-01-10 17:25:45.059467
Malik Verdon,S,Feb 9,Out,"Nov 28: Verdon (shoulder) has been ruled out ahead of Sunday's matchup against the Jets, Marc Raimondi of ESPN.com reports.",Unknown,ESPN,2026-01-10 17:25:45.059467
Michael Penix Jr.,QB,Feb 9,IR,"Nov 26: Falcons head coach Raheem Morris said that Penix (knee) underwent full reconstructive surgery to address the partially torn ACL in his left knee on Tuesday and experienced no complications with the procedure, D. Orlando Ledbetter of The Atlanta Journal-Constitution reports.",Unknown,ESPN,2026-01-10 17:25:45.059467
Billy Bowman Jr.,S,Feb 9,IR,"Nov 24: Bowman sustained a torn Achilles in practice and will miss the remainder of the season, Jeremy Fowler of ESPN.com reports.",Unknown,ESPN,2026-01-10 17:25:45.059467
DeAngelo Malone,LB,Feb 9,IR,"Nov 13: The Falcons placed Malone (ankle) on injured reserve Thursday, Terrin Waack of the team's official site reports.",Unknown,ESPN,2026-01-10 17:25:45.059467
Storm Norton,OT,Feb 9,IR,"Nov 12: Norton (foot) reverted to injured reserve Wednesday, Terrin Waack of the Falcons' official site reports.",Unknown,ESPN,2026-01-10 17:25:45.059467
Kaleb McGary,OT,Feb 9,IR,"Aug 26: The Falcons placed McGary on season-ending IR on Tuesday, Mike Garafolo of NFL Network reports.",Unknown,ESPN,2026-01-10 17:25:45.059467
Emory Jones,QB,Feb 9,IR,"Aug 19: Jones (concussion) reverted to injured reserve after clearing waivers Tuesday, Aaron Wilson of KPRC 2 Houston reports.",Unknown,ESPN,2026-01-10 17:25:45.059467
Justice Hill,RB,Feb 9,IR,Jan 9: Hill (neck) rushed 18 times for 93 yards and two touchdowns while catching 21 of 27 targets for 169 yards and one touchdown across 10 appearances in 2025. He also had seven kickoff returns for 188 yards.,Unknown,ESPN,2026-01-10 17:25:45.059467
Kyle Hamilton,S,Feb 9,Questionable,"Jan 8: Hamilton (concussion) recorded 105 total tackles (59 solo), including 1.0 sacks, nine passes defensed and two forced fumbles over 16 regular-season games in 2025.",Unknown,ESPN,2026-01-10 17:25:45.059467
Teddye Buchanan,LB,Feb 9,IR,"Jan 6: Buchanan successfully underwent surgery on his torn ACL on Tuesday, Giana Han of TheBaltimoreBanner.com reports.",Unknown,ESPN,2026-01-10 17:25:45.059467
Rashod Bateman,WR,Feb 9,Questionable,,Unknown,ESPN,2026-01-10 17:25:45.059467
Andrew Vorhees,G,Feb 9,Questionable,Jan 4: Vorhees has a foot injury and is questionable to return to Sunday night's game against the Steelers.,Unknown,ESPN,2026-01-10 17:25:45.059467
Taven Bryan,DT,Feb 9,IR,Jan 4: Bryan (knee) was not activated from injured reserve Saturday and has been ruled out  for Sunday's game against the Steelers.,Unknown,ESPN,2026-01-10 17:25:45.059467
Adisa Isaac,LB,Feb 9,IR,"Nov 24: Head coach John Harbaugh said Monday that Isaac had a ""setback"" with his elbow injury and isn't close to a return from injured reserve, Jeff Zrebiec of The Athletic reports.",Unknown,ESPN,2026-01-10 17:25:45.059467
Broderick Washington Jr.,DT,Feb 9,IR,"Nov 3: Head coach John Harbaugh told reporters Monday that Washington successfully underwent Achilles tendon surgery, Jonas Shaffer of TheBaltimoreBanner.com reports.",Unknown,ESPN,2026-01-10 17:25:45.059467
Nnamdi Madubuike,DT,Feb 9,IR,"Sep 29: Head coach Jon Harbaugh told reporters Monday that Madubuike (neck) won't return this season, Jamison Hensley of ESPN.com reports.",Unknown,ESPN,2026-01-10 17:25:45.059467
Dayton Wade,WR,Feb 9,IR,"Aug 26: The Ravens placed Wade (ribs) on injured reserve Tuesday, Jamison Hensley of ESPN.com reports.",Unknown,ESPN,2026-01-10 17:25:45.059467
Robert Longerbeam,CB,Feb 9,IR,"Aug 10: The Ravens placed Longerbeam (knee) on injured reserve Sunday, Jamison Hensley of ESPN.com reports.",Unknown,ESPN,2026-01-10 17:25:45.059467
Bilhal Kone,CB,Feb 9,IR,Aug 9: The Ravens placed Kone (knee) on injured reserve Saturday.,Unknown,ESPN,2026-01-10 17:25:45.059467
Jordan Phillips,DT,Feb 9,IR,,Unknown,ESPN,2026-01-10 17:25:45.059467
Joshua Palmer,WR,Feb 9,IR,Jan 10: The Bills placed Palmer (ankle) on injured reserve Saturday.,Unknown,ESPN,2026-01-10 17:25:45.059467
Matt Prater,PK,Jan 11,Questionable,Jan 9: Prater (quadriceps) is listed as questionable for Sunday's wild-card game against the Jaguars.,Unknown,ESPN,2026-01-10 17:25:45.059467
Ed Oliver,DT,Jan 17,IR,"Jan 9: Bills head coach Sean McDermott said Friday that ""it's not out of the question"" for Oliver (biceps/knee) to resume practicing next week, should Buffalo defeat Jacksonville in Sunday's wild-card matchup to advance in the AFC playoffs, Joe Buscaglia of The Athletic reports.",Unknown,ESPN,2026-01-10 17:25:45.059467
Shaq Thompson,LB,Jan 11,Questionable,"Jan 9: Bills head coach Sean McDermott said Friday that Thompson (neck) will be listed as questionable for Sunday's wild-card round matchup against the Jaguars but is expected to play, Alaina Getzenberg of ESPN.com reports.",Unknown,ESPN,2026-01-10 17:25:45.059467
Damar Hamlin,S,Jan 17,IR,"Jan 9: Bills head coach Sean McDermott said Friday that Hamlin (pectoral) will not come off IR in time for Sunday's wild-card round matchup against Jacksonville, Alaina Getzenberg of ESPN.com reports.",Unknown,ESPN,2026-01-10 17:25:45.059467
Terrel Bernard,LB,Jan 17,Out,"Jan 9: Bills head coach Sean McDermott said Friday that Bernard (calf) is ruled out for Sunday's wild-card round matchup against the Jaguars, Maddy Glab of the team's official site reports.",Unknown,ESPN,2026-01-10 17:25:45.059467
Ty Johnson,RB,Jan 11,Questionable,"Jan 9: Johnson (ankle) will practice Friday, Alaina Getzenberg of ESPN.com reports.",Unknown,ESPN,2026-01-10 17:25:45.059467
Maxwell Hairston,CB,Jan 17,Out,"Jan 5: Hairston (ankle) has been ruled out for Sunday's AFC wild-card game against the Jaguars, Alec White of the Bills' official site reports.",Unknown,ESPN,2026-01-10 17:25:45.059467
Curtis Samuel,WR,Jan 17,IR,"Jan 5: Samuel (elbow) will not have his 21-day practice window opened ahead of the Bills' AFC wild-card game against the Jaguars on Sunday, Jay Skurski of The Buffalo News reports.",Unknown,ESPN,2026-01-10 17:25:45.059467
Chase Lundt,OT,Jan 17,IR,Dec 19: Lundt (knee) was placed on injured reserve Friday.,Unknown,ESPN,2026-01-10 17:25:45.059467
Tyler Bass,PK,Feb 9,IR,"Dec 1: Coach Sean McDermott revealed Monday that Bass (left hip/groin) underwent surgery last week and will be sidelined for the rest of the season, Maddy Glab of the Bills' official site reports.",Unknown,ESPN,2026-01-10 17:25:45.059467
Landon Jackson,DE,Jan 17,IR,Nov 11: The Bills placed Jackson (knee) on injured reserve Tuesday.,Unknown,ESPN,2026-01-10 17:25:45.059467
Dorian Strong,CB,Jan 17,IR,"Nov 3: Head coach Sean McDermott was unable to provide a timeline on Strong's (neck) return Monday, Matt Parrino of The Syracuse Post-Standard reports.",Unknown,ESPN,2026-01-10 17:25:45.059467
Michael Hoecht,DE,Feb 9,IR,"Nov 3: The Bills placed Hoecht on injured reserve Monday due to a torn right Achilles which will sideline him for the rest of the 2025, season, Alaina Getzenberg of ESPN.com reports.",Unknown,ESPN,2026-01-10 17:25:45.059467
Taylor Rapp,S,Jan 17,IR,"Oct 31: Rapp underwent surgery on his injured knee this week and is likely going to miss the remainder of the season, Alaina Getzenberg of ESPN.com reports.",Unknown,ESPN,2026-01-10 17:25:45.059467
DeWayne Carter,DT,Feb 9,IR,Sep 4: The Bills placed Carter (Achilles) on injured reserve Thursday.,Unknown,ESPN,2026-01-10 17:25:45.059467
Wande Owens,S,Feb 9,IR,"Aug 27: Owens (undisclosed) reverted to the Bills' injured reserve list Wednesday, Alaina Getzenberg of ESPN.com reports.",Unknown,ESPN,2026-01-10 17:25:45.059467
Ikem Ekwonu,OT,Jan 17,Questionable,"Jan 10: Ekwonwu (knee) is questionable to return to Carolina's wild-card matchup versus the Rams on Saturday, David Newton of ESPN reports.",Unknown,ESPN,2026-01-10 17:25:45.059467
David Moore,WR,Jan 17,Out,Jan 10: Moore (coach's decision) is inactive for Carolina's wild-card matchup versus the Rams on Saturday.,Unknown,ESPN,2026-01-10 17:25:45.059467
Nick Samac,C,Jan 17,Out,,Unknown,ESPN,2026-01-10 17:25:45.059467
LaBryan Ray,DE,Jan 17,Out,,Unknown,ESPN,2026-01-10 17:25:45.059467
Jared Harrison-Hunte,DE,Jan 17,Out,,Unknown,ESPN,2026-01-10 17:25:45.059467
Krys Barnes,LB,Jan 17,Out,,Unknown,ESPN,2026-01-10 17:25:45.059467
Chandler Zavala,G,Jan 17,IR,"Jan 8: Zavala (calf), who remains on IR, practiced in full Thursday and is officially listed as questionable for Saturday's wild-card round matchup against Los Angeles.",Unknown,ESPN,2026-01-10 17:25:45.059467
Ja'Tavion Sanders,TE,Feb 9,IR,"Jan 1: The Panthers placed Sanders (fibula) on injured reserve Wednesday, Darin Gantt of the team's official site reports.",Unknown,ESPN,2026-01-10 17:25:45.059467
Trevin Wallace,LB,Feb 9,IR,"Dec 27: Wallace (shoulder) was placed on the injured reserve list Saturday, Darin Gantt of the Panthers' official site reports.",Unknown,ESPN,2026-01-10 17:25:45.059467
Corey Thornton,CB,Feb 9,IR,"Nov 26: The Panthers are placing Thornton (fibula) on injured reserve Wednesday, Mike Kaye of The Charlotte Observer reports.",Unknown,ESPN,2026-01-10 17:25:45.059467
Brady Christensen,G,Feb 9,IR,"Oct 30: Carolina placed Christensen (Achilles) on injured reserve Thursday, Darin Gantt of the team's official site reports.",Unknown,ESPN,2026-01-10 17:25:45.059467
Patrick Jones II,LB,Feb 9,IR,"Oct 18: Jones (back) was placed on injured reserve Saturday, Joe Person of The Athletic reports.",Unknown,ESPN,2026-01-10 17:25:45.059467
Damarri Mathis,CB,Feb 9,IR,Sep 6: The Panthers placed Mathis (knee) on injured reserve Saturday.,Unknown,ESPN,2026-01-10 17:25:45.059467
Popo Aumavae,DT,Feb 9,IR,"May 9: Aumavae (Achilles) cleared waivers and reverted to injured reserve Friday, Aaron Wilson of KPRC 2 Houston reports.",Unknown,ESPN,2026-01-10 17:25:45.059467
Jonathon Brooks,RB,Feb 9,Out,"May 8: The Panthers are placing Brooks on the physically unable to perform list, ruling him out for the entire 2025 season.",Unknown,ESPN,2026-01-10 17:25:45.059467
C.J. Gardner-Johnson,S,Jan 17,Out,,Unknown,ESPN,2026-01-10 17:25:45.059467
Kyler Gordon,CB,Jan 10,Questionable,,Unknown,ESPN,2026-01-10 17:25:45.059467
Braxton Jones,OT,Jan 17,IR,"Jan 8: Jones (knee), who remains on IR, practiced in full Thursday and is officially listed as questionable for Saturday's wild-card round matchup against the Packers.",Unknown,ESPN,2026-01-10 17:25:45.059467
Joe Tryon-Shoyinka,DE,Jan 17,Out,Jan 8: Tryon-Shoyinka (concussion) is ruled out for Saturday's wild-card round matchup against the Packers.,Unknown,ESPN,2026-01-10 17:25:45.059467
Amen Ogbongbemiga,LB,Jan 17,Out,Jan 8: Ogbongbemiga (concussion) is ruled out for Saturday's wild-card round matchup against Green Bay.,Unknown,ESPN,2026-01-10 17:25:45.059467
Noah Sewell,LB,Feb 9,IR,"Dec 31: Coach Ben Johnson said the Bears will place Sewell (Achilles) on injured reserve Wednesday, Courtney Cronin of ESPN.com reports.",Unknown,ESPN,2026-01-10 17:25:45.059467
Roschon Johnson,RB,Jan 17,IR,Nov 22: The Bears placed Johnson (thumb) on injured reserve Saturday.,Unknown,ESPN,2026-01-10 17:25:45.059467
Dayo Odeyingbo,DE,Feb 9,IR,Nov 4: The Bears placed Odeyingbo (Achilles) on injured reserve Tuesday.,Unknown,ESPN,2026-01-10 17:25:45.059467
Shemar Turner,DT,Feb 9,IR,Oct 28: The Bears placed Turner (knee) on injured reserve Tuesday.,Unknown,ESPN,2026-01-10 17:25:45.059467
Kiran Amegadjie,OT,Jan 17,IR,Sep 20: The Bears placed Amegadjie (elbow) on injured reserve Saturday.,Unknown,ESPN,2026-01-10 17:25:45.059467
Zah Frazier,CB,Feb 9,Out,"Aug 27: Bears general manager Ryan Poles said Tuesday that Frazier will remain on the reserve/non-football injury list the entire 2025 campaign for a ""personal"" reason, Courtney Cronin of ESPN reports.",Unknown,ESPN,2026-01-10 17:25:45.059467
Terell Smith,CB,Feb 9,IR,Aug 24: The Bears placed Smith (knee) on injured reserve Sunday.,Unknown,ESPN,2026-01-10 17:25:45.059467
Deion Hankins,RB,Feb 9,IR,"Aug 20: Hankins (shoulder/quadriceps) was placed on injured reserve Wednesday, Adam Hoge of AllCHGO.com reports.",Unknown,ESPN,2026-01-10 17:25:45.059467
Cam Grandy,TE,Feb 9,Questionable,Jan 5: Grandy (chest) and the Bengals agreed on a one-year contract extension Monday.,Unknown,ESPN,2026-01-10 17:25:45.059467
Joseph Ossai,DE,Feb 9,Questionable,,Unknown,ESPN,2026-01-10 17:25:45.059467
Josh Newton,CB,Feb 9,Questionable,,Unknown,ESPN,2026-01-10 17:25:45.059467
Charlie Jones,WR,Feb 9,Questionable,,Unknown,ESPN,2026-01-10 17:25:45.059467
DJ Turner II,CB,Feb 9,Questionable,"Jan 4: Turner suffered a calf injury in Sunday's 20-18 loss to the Browns, Charlie Goldsmith of the Dayton Daily News reports.",Unknown,ESPN,2026-01-10 17:25:45.059467
Matt Lee,C,Feb 9,IR,Jan 2: Lee (knee) has been ruled out for Sunday's game against the Browns.,Unknown,ESPN,2026-01-10 17:25:45.059467
Kris Jenkins Jr.,DT,Feb 9,IR,Dec 19: Jenkins (ankle) was placed on the injured reserve list Friday.,Unknown,ESPN,2026-01-10 17:25:45.059467
Trey Hendrickson,DE,Feb 9,IR,Dec 11: The Bengals placed Hendrickson (hip/pelvis) on injured reserve Thursday.,Unknown,ESPN,2026-01-10 17:25:45.059467
Brian Asamoah II,LB,Feb 9,IR,Dec 1: Asamoah (knee) was placed on the injured reserve list Monday.,Unknown,ESPN,2026-01-10 17:25:45.059467
Marco Wilson,CB,Feb 9,IR,Nov 26: The Bengals placed Wilson (hamstring) on injured reserve Wednesday.,Unknown,ESPN,2026-01-10 17:25:45.059467
Cam Taylor-Britt,CB,Feb 9,IR,Nov 21: Taylor-Britt was placed on the injured-reserve list Friday.,Unknown,ESPN,2026-01-10 17:25:45.059467
Cordell Volson,G,Feb 9,IR,Aug 27: Volson (shoulder) reverted to the Bengals' injured reserve list Wednesday.,Unknown,ESPN,2026-01-10 17:25:45.059467
Erick All Jr.,TE,Feb 9,Out,Aug 26: The Bengals placed All (knee) on the reserve/PUP list Tuesday.,Unknown,ESPN,2026-01-10 17:25:45.059467
David Njoku,TE,Feb 9,Questionable,,Unknown,ESPN,2026-01-10 17:25:45.059467
Harold Fannin Jr.,TE,Feb 9,Questionable,,Unknown,ESPN,2026-01-10 17:25:45.059467
Kingsley Eguakun,C,Feb 9,Questionable,,Unknown,ESPN,2026-01-10 17:25:45.059467
Luke Wypler,C,Feb 9,Questionable,Jan 4: Wypler (knee) suffered a knee injury in Sunday's 20-18 win over the Bengals.,Unknown,ESPN,2026-01-10 17:25:45.059467
Denzel Ward,CB,Feb 9,Questionable,Jan 4: Ward (neck) has been ruled out for the rest of Sunday's game against the Bengals.,Unknown,ESPN,2026-01-10 17:25:45.059467
Carson Schwesinger,LB,Feb 9,IR,Jan 3: The Browns placed Schwesinger (ankle) on injured reserve Saturday.,Unknown,ESPN,2026-01-10 17:25:45.059467
Winston Reid,LB,Feb 9,IR,"Jan 2: Reid (back) has been ruled out for Sunday's game against the Bengals, Scott Petrak of the Elyria Chronicle-Telegram reports.",Unknown,ESPN,2026-01-10 17:25:45.059467
Wyatt Teller,G,Feb 9,IR,Dec 31: The Browns placed Teller (calf) on injured reserve Wednesday.,Unknown,ESPN,2026-01-10 17:25:45.059467
Deshaun Watson,QB,Feb 9,Out,"Dec 23: Browns head coach Kevin Stefanski confirmed Tuesday that the Browns will not activate Watson (Achilles) from the reserve/PUP list this season, Daniel Oyefusi of ESPN.com reports.",Unknown,ESPN,2026-01-10 17:25:45.059467
Quinshon Judkins,RB,Feb 9,IR,Dec 23: The Browns announced that Judkins was placed on injured reserve after he underwent successful surgery Tuesday to repair a dislocated right ankle and fractured right fibula.,Unknown,ESPN,2026-01-10 17:25:45.059467
Jack Conklin,OT,Feb 9,IR,Dec 20: Conklin (concussion) was placed on the injured reserve list Saturday.,Unknown,ESPN,2026-01-10 17:25:45.059467
Ethan Pocic,C,Feb 9,IR,Dec 9: The Browns placed Pocic (Achilles) on injured reserve Tuesday.,Unknown,ESPN,2026-01-10 17:25:45.059467
Jerome Ford,RB,Feb 9,IR,Dec 9: The Browns placed Ford on injured reserve Tuesday due to a shoulder injury.,Unknown,ESPN,2026-01-10 17:25:45.059467
Maliek Collins,DT,Feb 9,IR,Dec 2: The Browns placed Collins (quadriceps) on the injured reserve Tuesday.,Unknown,ESPN,2026-01-10 17:25:45.059467
Dom Jones,CB,Feb 9,IR,Nov 18: The Browns placed Jones (knee) on injured reserve Tuesday.,Unknown,ESPN,2026-01-10 17:25:45.059467
DeAndre Carter,WR,Feb 9,IR,"Sep 29: Head coach Kevin Stefanski told reporters Monday that Carter (knee) will miss ""weeks,"" Daniel Oyefusi of ESPN.com reports.",Unknown,ESPN,2026-01-10 17:25:45.059467
Dawand Jones,OT,Feb 9,IR,"Sep 26: Jones (knee/hamstring) underwent surgery to address a torn LCL in his right knee and a hamstring avulsion Thursday, Chris Easterling of the Akron Beacon Journal reports.",Unknown,ESPN,2026-01-10 17:25:45.059467
Nathaniel Watson,LB,Feb 9,IR,Aug 21: Watson (biceps) was placed on injured reserve Thursday.,Unknown,ESPN,2026-01-10 17:25:45.059467
Anthony Kendall,CB,Feb 9,IR,"Aug 6: Kendall (undisclosed) reverted to Cleveland's injured reserve list Wednesday, Aaron Wilson of KPRC 2 Houston reports.",Unknown,ESPN,2026-01-10 17:25:45.059467
Martin Emerson Jr.,CB,Feb 9,IR,"Jul 30: Emerson (Achilles) was ruled out for the season Wednesday, Mary Kay Cabot of The Cleveland Plain Dealer reports.",Unknown,ESPN,2026-01-10 17:25:45.059467
Justin Osborne,C,Feb 9,IR,Jun 10: Osborne (undisclosed) reverted to Cleveland's injured reserve Tuesday.,Unknown,ESPN,2026-01-10 17:25:45.059467
Jeremiah Owusu-Koramoah,LB,Feb 9,Out,May 12: The Browns placed Owusu-Koramoah (neck) on the Reserve/Physically Unable to to Perform list Monday.,Unknown,ESPN,2026-01-10 17:25:45.059467
Tyler Smith,G,Feb 9,Questionable,"Jan 5: Smith will have his knee injury evaluated by team doctors to determine whether surgery is needed, Nick Harris of the Fort Worth Star-Telegram reports.",Unknown,ESPN,2026-01-10 17:25:45.059467
DaRon Bland,CB,Feb 9,IR,"Jan 5: Bland confirmed Monday that he's set to undergo surgery on a lingering foot injury Jan. 13, Calvin Watkins reports.",Unknown,ESPN,2026-01-10 17:25:45.059467
Shavon Revel Jr.,CB,Feb 9,Questionable,,Unknown,ESPN,2026-01-10 17:25:45.059467
DeMarvion Overshown,LB,Feb 9,Questionable,,Unknown,ESPN,2026-01-10 17:25:45.059467
Alijah Clark,S,Feb 9,Questionable,,Unknown,ESPN,2026-01-10 17:25:45.059467
Markquese Bell,S,Feb 9,Questionable,"Jan 4: Bell has entered the league's concussion protocol and has been ruled out for the rest of Sunday's game against the Giants, Todd Archer of ESPN.com reports.",Unknown,ESPN,2026-01-10 17:25:45.059467
T.J. Bass,G,Feb 9,IR,Jan 3: The Cowboys placed Bass (knee) on injured reserve Saturday.,Unknown,ESPN,2026-01-10 17:25:45.059467
Malik Davis,RB,Feb 9,IR,"Jan 3: The Cowboys placed Davis (eye/calf) on injured reserve Saturday, Jon Machota of The Athletic reports.",Unknown,ESPN,2026-01-10 17:25:45.059467
Javonte Williams,RB,Feb 9,IR,"Jan 3: The Cowboys placed Williams (shoulder) on injured reserve Saturday, Jon Machota of The Athletic reports.",Unknown,ESPN,2026-01-10 17:25:45.059467
Payton Turner,DE,Feb 9,IR,"Dec 24: Turner (ribs) has been ruled out ahead of Thursday's matchup against the Commanders, Jon Machota of The Athletic reports.",Unknown,ESPN,2026-01-10 17:25:45.059467
Tyler Guyton,OT,Feb 9,IR,Dec 24: The Cowboys placed Guyton (ankle) on injured reserve Wednesday.,Unknown,ESPN,2026-01-10 17:25:45.059467
Juanyeh Thomas,S,Feb 9,Out,"Dec 19: Thomas (migraine) won't return this season, head coach Brian Schottenheimer revealed Friday, Clarence Hill Jr. of alldlls.com reports.",Unknown,ESPN,2026-01-10 17:25:45.059467
Ajani Cornelius,OT,Feb 9,IR,"Nov 17: The Cowboys placed Cornelius (knee) on injured reserve Monday, Jon Machota of The Athletic reports.",Unknown,ESPN,2026-01-10 17:25:45.059467
Jack Sanborn,LB,Feb 9,IR,Nov 3: Sanborn (groin) was placed on the injured reserve list Monday.,Unknown,ESPN,2026-01-10 17:25:45.059467
Trevor Keegan,G,Feb 9,IR,Oct 21: The Cowboys placed Keegan (neck) on injured reserve Tuesday.,Unknown,ESPN,2026-01-10 17:25:45.059467
Miles Sanders,RB,Feb 9,IR,Oct 11: The Cowboys placed Sanders (knee/ankle) on injured reserve Saturday.,Unknown,ESPN,2026-01-10 17:25:45.059467
Rob Jones,G,Feb 9,IR,"Aug 8: Jones (neck) was placed on season-ending injured reserve Friday, Nick Eatman of the Cowboys' official site reports.",Unknown,ESPN,2026-01-10 17:25:45.059467
Drew Sanders,LB,Jan 17,IR,"Jan 10: Sanders (foot) was designated to return from the injured reserve list Saturday, Mike Klis of 9News Denver reports.",Unknown,ESPN,2026-01-10 17:25:45.059467
Dre Greenlaw,LB,Jan 17,Questionable,"Jan 9: Greenlaw (hamstring) is expected to suit up for the Broncos' divisional round matchup, Zac Stevens of TheDNVR.com reports.",Unknown,ESPN,2026-01-10 17:25:45.059467
J.K. Dobbins,RB,Feb 8,IR,"Jan 9: Dobbins (foot) is pushing hard to return at some point during the postseason, though a return prior to the Super Bowl on Sunday, Feb. 8 remains unlikely, Nick Kosmider of The Athletic reports.",Unknown,ESPN,2026-01-10 17:25:45.059467
John Franklin-Myers,DE,Jan 17,Questionable,,Unknown,ESPN,2026-01-10 17:25:45.059467
P.J. Locke,S,Jan 17,Questionable,"Jan 4: Locke (leg) is questionable to return to Sunday's game against the Chargers, Zac Stevens of TheDNVR.com reports.",Unknown,ESPN,2026-01-10 17:25:45.059467
Luke Wattenberg,C,Jan 25,IR,"Dec 25: Wattenberg (shoulder) was placed on injured reserve Thursday, Aric DiLalla of the Broncos' official website reports.",Unknown,ESPN,2026-01-10 17:25:45.059467
Brandon Jones,S,Jan 17,IR,"Dec 15: Jones (pectoral) was placed on injured reserve Monday, Aric DiLalla of the Broncos' official website reports.",Unknown,ESPN,2026-01-10 17:25:45.059467
Lucas Krull,TE,Jan 17,IR,"Oct 27: Krull underwent surgery to repair the the fractured fifth metatarsal in his left foot Monday and is expected to be out for eight weeks, Chris Tomasson of The Denver Gazette reports.",Unknown,ESPN,2026-01-10 17:25:45.059467
Matt Peart,OT,Jan 17,IR,Oct 14: The Broncos placed Peart (knee) on injured reserve Tuesday.,Unknown,ESPN,2026-01-10 17:25:45.059467
Michael Burton,FB,Feb 9,IR,"Aug 26: Burton was placed on injured reserve by the Broncos on Tuesday, Aric DiLalla of the team's official website reports.",Unknown,ESPN,2026-01-10 17:25:45.059467
Nick Gargiulo,G,Feb 9,IR,"Aug 19: Head coach Sean Payton announced Tuesday that it was an ACL injury that landed Gargiulo on injured reserve, Aric DiLalla of the Broncos' official site reports.",Unknown,ESPN,2026-01-10 17:25:45.059467
Matt Henningsen,DE,Feb 9,IR,"Aug 11: Henningsen (Achilles) reverted to the Broncos' injured reserve Monday, Chris Tomasson of The Denver Gazette reports.",Unknown,ESPN,2026-01-10 17:25:45.059467
Johnny Walker Jr.,LB,Feb 9,IR,"Jul 31: Walker (undisclosed) was placed on injured reserve by the Broncos on Thursday, Aric DiLalla of the team's official site reports.",Unknown,ESPN,2026-01-10 17:25:45.059467
Sam LaPorta,TE,Feb 9,IR,"Jan 7: LaPorta said Monday that he will enter the next phase of his rehab from back surgery this week and anticipates being fully cleared in advance of training camp, Richard Silva of The Detroit News reports.",Unknown,ESPN,2026-01-10 17:25:45.059467
Penei Sewell,OT,Feb 9,Questionable,,Unknown,ESPN,2026-01-10 17:25:45.059467
Alim McNeill,DT,Feb 9,Questionable,,Unknown,ESPN,2026-01-10 17:25:45.059467
Thomas Harper,S,Feb 9,Questionable,,Unknown,ESPN,2026-01-10 17:25:45.059467
Alex Anzalone,LB,Feb 9,Questionable,,Unknown,ESPN,2026-01-10 17:25:45.059467
Kayode Awosika,G,Feb 9,Questionable,,Unknown,ESPN,2026-01-10 17:25:45.059467
Tom Kennedy,WR,Feb 9,Questionable,Jan 4: Kennedy (ribs) is questionable to return to Sunday's game against Chicago.,Unknown,ESPN,2026-01-10 17:25:45.059467
Trystan Colon,C,Feb 9,IR,Jan 4: Colon (wrist) was placed on injured reserve Saturday.,Unknown,ESPN,2026-01-10 17:25:45.059467
Giovanni Manu,OT,Feb 9,IR,Jan 3: Manu (knee) has been downgraded to out  for Sunday's game against the Bears.,Unknown,ESPN,2026-01-10 17:25:45.059467
Kerby Joseph,S,Feb 9,IR,Dec 20: The Lions placed Joseph (knee) on injured reserve Saturday.,Unknown,ESPN,2026-01-10 17:25:45.059467
Brian Branch,S,Feb 9,IR,Dec 13: The Lions placed Branch (Achilles) on injured reserve Saturday.,Unknown,ESPN,2026-01-10 17:25:45.059467
Brock Wright,TE,Feb 9,IR,Dec 4: The Lions placed Wright (neck) on injured reserve Thursday.,Unknown,ESPN,2026-01-10 17:25:45.059467
Terrion Arnold,CB,Feb 9,IR,"Dec 1: The Lions placed Arnold on injured reserve Monday, and the cornerback is scheduled to undergo season-ending surgery on his right shoulder later this week, Tom Pelissero of NFL Network reports.",Unknown,ESPN,2026-01-10 17:25:45.059467
Josh Paschal,DE,Feb 9,Out,"Nov 27: Paschal (back) wasn't activated off the NFI list before the expiration of his 21-day practice window and is therefore ineligible to play for the remainder of this season, Christian Booher of SI.com reports.",Unknown,ESPN,2026-01-10 17:25:45.059467
Zach Cunningham,LB,Feb 9,IR,"Oct 22: Detroit placed Cunningham (hamstring) on its injured reserve list Wednesday, Jacob Richman of mlive.com reports.",Unknown,ESPN,2026-01-10 17:25:45.059467
Jamarco Jones,OT,Feb 9,IR,"Sep 8: Head coach Dan Campbell said Monday that Jones (ankle) is out for the entire 2025 season, Colton Pouncy of The Athletic reports.",Unknown,ESPN,2026-01-10 17:25:45.059467
Ezekiel Turner,LB,Feb 9,IR,Aug 27: The Lions placed Turner (foot) on injured reserve Tuesday.,Unknown,ESPN,2026-01-10 17:25:45.059467
Colby Sorsdal,OT,Feb 9,IR,Aug 10: The Lions placed Sorsdal (undisclosed) on injured reserve Sunday.,Unknown,ESPN,2026-01-10 17:25:45.059467
Ennis Rakestraw Jr.,CB,Feb 9,IR,Aug 7: Rakestraw (shoulder) was placed on injured reserve Thursday.,Unknown,ESPN,2026-01-10 17:25:45.059467
Kye Robichaux,RB,Feb 9,IR,"Aug 5: Robichaux (undisclosed) reverted to Detroit's injured reserve list Tuesday, per the NFL's transaction log.",Unknown,ESPN,2026-01-10 17:25:45.059467
Dan Jackson,S,Feb 9,IR,Aug 4: The Lions placed Jackson (leg) on injured reserve Monday.,Unknown,ESPN,2026-01-10 17:25:45.059467
Levi Onwuzurike,DE,Feb 9,Out,"Jul 20: Onwuzurike will miss the 2025 NFL campaign after undergoing surgery for a torn ACL, Adam Schefter of ESPN reports.",Unknown,ESPN,2026-01-10 17:25:45.059467
Dontayvion Wicks,WR,Jan 17,Out,Jan 9: Wicks (concussion) has been ruled out for Saturday's wild-card game at Chicago.,Unknown,ESPN,2026-01-10 17:25:45.059467
Zach Tom,OT,Jan 10,Questionable,"Jan 8: Tom (back/knee) is officially listed as questionable for Saturday's wild-card round matchup on the road against Chicago, Wes Hodkiewicz of the Packers' official site reports.",Unknown,ESPN,2026-01-10 17:25:45.059467
Malik Willis,QB,Jan 10,Questionable,"Jan 8: Green Bay lists Willis (shoulder/hamstring) as questionable for Saturday's wild-card game in Chicago, Wes Hodkiewicz of the Packers' official site reports.",Unknown,ESPN,2026-01-10 17:25:45.059467
Nick Niemann,LB,Jan 10,Questionable,"Jan 8: Niemann (pectoral) is officially listed as questionable for Saturday's wild-card round matchup against Chicago, Wes Hodkiewicz of the Packers' official site reports.",Unknown,ESPN,2026-01-10 17:25:45.059467
Warren Brinson,DT,Jan 10,Questionable,"Jan 8: Brinson (foot) is officially listed as questionable for Saturday's wild-card round matchup against the Bears, Wes Hodkiewicz of the team's official site reports.",Unknown,ESPN,2026-01-10 17:25:45.059467
Javon Bullard,S,Jan 10,Questionable,"Jan 8: Bullard (knee) is listed as questionable for Saturday's wild-card round game against the Bears, Wes Hodkiewicz of the Packers' official site reports.",Unknown,ESPN,2026-01-10 17:25:45.059467
John Williams,G,Feb 9,Out,"Jan 7: Williams' (back) practice window has expired, so he will remain on the physically unable to perform list for the remainder of the season.",Unknown,ESPN,2026-01-10 17:25:45.059467
Bo Melton,CB,Feb 9,IR,,Unknown,ESPN,2026-01-10 17:25:45.059467
Donovan Jennings,G,Feb 8,IR,Jan 3: Jennings (neck) was placed  on injured reserve Saturday.,Unknown,ESPN,2026-01-10 17:25:45.059467
Savion Williams,WR,Feb 8,IR,Jan 3: The Packers placed Williams (foot/illness) on injured reserve Saturday.,Unknown,ESPN,2026-01-10 17:25:45.059467
Zayne Anderson,S,Feb 9,IR,Dec 31: The Packers placed Anderson (ankle) on injured reserve Wednesday.,Unknown,ESPN,2026-01-10 17:25:45.059467
Nate Hobbs,CB,Feb 9,IR,Dec 31: Hobbs (knee) landed on injured reserve Wednesday.,Unknown,ESPN,2026-01-10 17:25:45.059467
Kamal Hadden,CB,Feb 9,IR,Dec 30: The Packers placed Hadden (ankle) on injured reserve Tuesday.,Unknown,ESPN,2026-01-10 17:25:45.059467
Jordon Riley,DT,Feb 9,IR,Dec 30: The Packers placed Riley (Achilles) on injured reserve Tuesday.,Unknown,ESPN,2026-01-10 17:25:45.059467
Micah Parsons,DE,Feb 9,IR,"Dec 29: Parsons underwent surgery to repair a torn ACL in his left knee Monday and is facing a ninth-month recovery period, Ian Rapoport of NFL Network reports.",Unknown,ESPN,2026-01-10 17:25:45.059467
Kristian Welch,LB,Jan 25,IR,Dec 26: Green Bay placed Welch (ankle) on its injured reserve list Friday.,Unknown,ESPN,2026-01-10 17:25:45.059467
John FitzPatrick,TE,Feb 9,IR,Dec 22: The Packers placed FitzPatrick (Achilles) on injured reserve Monday.,Unknown,ESPN,2026-01-10 17:25:45.059467
MarShawn Lloyd,RB,Jan 17,IR,"Dec 19: The Packers placed Lloyd (hamstring) on injured reserve Friday, Rob Demovsky of ESPN.com reports.",Unknown,ESPN,2026-01-10 17:25:45.059467
Devonte Wyatt,DT,Feb 9,IR,"Dec 5: The Packers placed Wyatt (ankle) on injured reserve Friday, Rob Demovsky of ESPN.com reports.",Unknown,ESPN,2026-01-10 17:25:45.059467
Elgton Jenkins,C,Jan 17,IR,"Nov 12: Jenkins is slated to undergo a procedure to repair a lower-leg fracture that he sustained against the Eagles on Monday, Jeremy Fowler of ESPN.com reports.",Unknown,ESPN,2026-01-10 17:25:45.059467
Tucker Kraft,TE,Feb 9,IR,Nov 4: The Packers placed Kraft (knee) on injured reserve Tuesday.,Unknown,ESPN,2026-01-10 17:25:45.059467
Travis Glover,OT,Feb 9,IR,"Aug 6: The Packers placed Glover (shoulder) on injured reserve Wednesday, Tom Silverstein of the Milwaukee Journal Sentinel reports.",Unknown,ESPN,2026-01-10 17:25:45.059467
Jaylen Reed,S,Jan 12,IR,"Jan 10: Reed (forearm) was a full participant in Houston's practice Saturday, Adam Caplan of SiriusXM NFL Radio reports.",Unknown,ESPN,2026-01-10 17:25:45.059467
Jawhar Jordan,RB,Jan 17,Out,Jan 10: Jordan (ankle) has been ruled out for Monday's wild-card game in Pittsburgh.,Unknown,ESPN,2026-01-10 17:25:45.059467
Ajani Carter,CB,Jan 12,IR,Jan 3: Carter (hamstring) was not activated from injured reserve and has been downgraded to out  for Sunday's game against the Colts.,Unknown,ESPN,2026-01-10 17:25:45.059467
Tank Dell,WR,Feb 9,Out,"Dec 29: Dell (knee) is making progress and preparing for the 2026 season, Aaron Wilson of KPRC 2 Houston reports.",Unknown,ESPN,2026-01-10 17:25:45.059467
Joe Mixon,RB,Feb 9,Out,"Dec 29: Mixon (foot/ankle) will not return this season, Aaron Wilson of KPRC 2 Houston reports.",Unknown,ESPN,2026-01-10 17:25:45.059467
Jake Hansen,LB,Jan 25,IR,Dec 25: The Texans placed Hansen (chest) on injured reserve Thursday.,Unknown,ESPN,2026-01-10 17:25:45.059467
Mario Edwards Jr.,DT,Feb 9,IR,Dec 15: The Texans placed Edwards (pectoral) on injured reserve Monday.,Unknown,ESPN,2026-01-10 17:25:45.059467
Brevin Jordan,TE,Feb 9,IR,"Dec 8: Jordan (knee) and the Texans agreed on a one-year contract extension Monday, Jeremy Fowler of ESPN.com reports.",Unknown,ESPN,2026-01-10 17:25:45.059467
Tim Settle Jr.,DT,Feb 9,IR,Dec 4: Settle (foot) was placed on injured reserve Thursday.,Unknown,ESPN,2026-01-10 17:25:45.059467
M.J. Stewart,S,Feb 9,IR,Nov 12: Stewart (quadriceps) was placed  on injured reserve Wednesday.,Unknown,ESPN,2026-01-10 17:25:45.059467
Jaylin Smith,CB,Feb 9,IR,Nov 5: Smith (undisclosed) was placed on the injured reserve list Wednesday.,Unknown,ESPN,2026-01-10 17:25:45.059467
Jimmie Ward,S,Jan 12,Out,"Nov 3: Head coach DeMeco Ryans said Monday that Ward (foot) could return to practice within a few weeks, Aaron Wilson of KPRC 2 Houston reports.",Unknown,ESPN,2026-01-10 17:25:45.059467
Folorunso Fatukasi,DT,Jan 12,IR,Oct 4: Fatukasi (shoulder) was placed on injured reserve Saturday.,Unknown,ESPN,2026-01-10 17:25:45.059467
Kyonte Hamilton,DT,Feb 9,IR,Aug 1: Houston placed Hamilton (ankle) on its injured reserve list Friday.,Unknown,ESPN,2026-01-10 17:25:45.059467
Kurt Hinish,DT,Jan 12,Out,Jul 23: Hinish (undisclosed) was placed on the active/PUP list by the Texans on Wednesday.,Unknown,ESPN,2026-01-10 17:25:45.059467
Daniel Jones,QB,Feb 9,IR,"Jan 8: Colts GM Chris Ballard said in his season-ending news conference Thursday that the team intends to re-sign Jones (Achilles), who will be a free agent this offseason, Stephen Holder of ESPN.com reports.",Unknown,ESPN,2026-01-10 17:25:45.059467
Charvarius Ward,CB,Feb 9,IR,"Jan 5: Ward (concussion) said after Sunday's game that he is considering retirement due to lingering concussion symptoms, Nathan Brown reports.",Unknown,ESPN,2026-01-10 17:25:45.059467
Will Mallory,TE,Feb 9,Questionable,,Unknown,ESPN,2026-01-10 17:25:45.059467
Sauce Gardner,CB,Feb 9,Questionable,,Unknown,ESPN,2026-01-10 17:25:45.059467
Cameron Mitchell,CB,Feb 9,Questionable,"Jan 4: Mitchell is questionable to return to Sunday's game against the Texans due to a calf injury, Jane Slater of NFL Network reports.",Unknown,ESPN,2026-01-10 17:25:45.059467
Daniel Scott,S,Feb 9,IR,Jan 2: Scott (knee) has been ruled out for Sunday's game against the Texans.,Unknown,ESPN,2026-01-10 17:25:45.059467
Anthony Richardson Sr.,QB,Feb 9,IR,Dec 31: Richardson (eye) will not be activated from injured reserve this week and is out for Sunday's regular-season finale against the Texans.,Unknown,ESPN,2026-01-10 17:25:45.059467
Drew Ogletree,TE,Feb 9,IR,Dec 27: The Colts placed Ogletree (neck) on injured reserve Saturday.,Unknown,ESPN,2026-01-10 17:25:45.059467
Anthony Gould,WR,Feb 9,IR,Dec 27: The Colts placed Gould (foot) on injured reserve Saturday.,Unknown,ESPN,2026-01-10 17:25:45.059467
DeForest Buckner,DT,Feb 9,IR,Dec 27: The Colts placed Buckner (neck) on injured reserve Saturday.,Unknown,ESPN,2026-01-10 17:25:45.059467
Braden Smith,OT,Feb 9,IR,Dec 13: Smith (concussion/neck) was placed on the injured reserve list Saturday.,Unknown,ESPN,2026-01-10 17:25:45.059467
Chris Lammons,CB,Feb 9,IR,"Dec 9: The Colts placed Lammons (foot) on injured reserve Tuesday, JJ Stankevitz of the team's official site reports.",Unknown,ESPN,2026-01-10 17:25:45.059467
Mike Hilton,CB,Nov 9,Out,"Oct 7: The Colts placed Hilton (shoulder) on the practice squad injured list Tuesday, Amanda Foster of the team's official site reports.",Unknown,ESPN,2026-01-10 17:25:45.059467
Spencer Shrader,PK,Feb 9,IR,"Oct 7: The Colts placed Shrader (knee) on injured reserve Tuesday, Amanda Foster of the Colts' official site reports.",Unknown,ESPN,2026-01-10 17:25:45.059467
Hunter Wohler,S,Feb 9,IR,Aug 18: Wohler (foot) was put on injured reserve by the Colts on Monday.,Unknown,ESPN,2026-01-10 17:25:45.059467
Jacob Phillips,LB,Feb 9,IR,Aug 18: Phillips (biceps) was placed on injured reserve by the Colts on Monday.,Unknown,ESPN,2026-01-10 17:25:45.059467
Blake Freeland,OT,Feb 9,IR,Aug 18: Freeland (leg) was placed on injured reserve by the Colts on Monday.,Unknown,ESPN,2026-01-10 17:25:45.059467
D.J. Montgomery,WR,Feb 9,IR,Aug 13: The Colts placed Montgomery (undisclosed) on the injured reserve list Wednesday.,Unknown,ESPN,2026-01-10 17:25:45.059467
Justin Walley,CB,Feb 9,IR,Aug 8: Walley (knee) was placed  on injured reserve Friday.,Unknown,ESPN,2026-01-10 17:25:45.059467
Salvon Ahmed,RB,Feb 9,IR,Aug 8: The Colts placed Ahmed (ankle) on injured reserve Friday.,Unknown,ESPN,2026-01-10 17:25:45.059467
Jack Wilson,OT,Feb 9,IR,Jul 28: Wilson (undisclosed) was placed on injured reserve by the Colts on Monday.,Unknown,ESPN,2026-01-10 17:25:45.059467
Cole Van Lanen,OT,Jan 11,Questionable,Jan 9: Van Lanen (knee) is listed as questionable for Sunday's wild-card game against the Bills.,Unknown,ESPN,2026-01-10 17:25:45.059467
Jalen McLeod,LB,Feb 9,IR,"Jan 7: McLeod's (ankle) practice window has expired, so he will remain on injured reserve through the end of the season.",Unknown,ESPN,2026-01-10 17:25:45.059467
Jourdan Lewis,CB,Feb 9,IR,"Dec 25: Lewis (foot) is slated to undergo season-ending surgery, Tom Pelissero of NFL Network reports.",Unknown,ESPN,2026-01-10 17:25:45.059467
Jack Kiser,LB,Jan 17,IR,Dec 16: The Jaguars placed Kiser (undisclosed) on injured reserve Tuesday.,Unknown,ESPN,2026-01-10 17:25:45.059467
Travis Hunter,WR,Feb 9,IR,"Nov 16: The Jaguars plan to continue utilizing Hunter (knee) as their top wide receiver and as a matchup cornerback in 2026, Ian Rapoport of NFL Network reports.",Unknown,ESPN,2026-01-10 17:25:45.059467
Caleb Ransaw,CB,Feb 9,IR,Aug 27: Jacksonville placed Ransaw (lower body) on its injured reserve list Tuesday.,Unknown,ESPN,2026-01-10 17:25:45.059467
Joshua Cephus,WR,Feb 9,IR,"Aug 21: Cephus (undisclosed) reverted to injured reserve with the Jaguars on Thursday, Aaron Wilson of KPRC 2 Houston reports.",Unknown,ESPN,2026-01-10 17:25:45.059467
Cooper Hodges,OT,Jan 11,Out,"Jun 6: Hodges (knee) cleared waivers and reverted to Jacksonville's PUP list Thursday, Demetrius Harvey of The Florida Times-Union reports.",Unknown,ESPN,2026-01-10 17:25:45.059467
Xavier Worthy,WR,Feb 9,Questionable,,Unknown,ESPN,2026-01-10 17:25:45.059467
Trey Smith,G,Feb 9,Questionable,,Unknown,ESPN,2026-01-10 17:25:45.059467
Jake Briningstool,TE,Feb 9,IR,Jan 2: Briningstool (hamstring) has been ruled out ahead of Sunday's game against the Raiders.,Unknown,ESPN,2026-01-10 17:25:45.059467
Nikko Remigio,WR,Feb 9,IR,Dec 25: The Chiefs placed Remigio (knee) on injured reserve Thursday.,Unknown,ESPN,2026-01-10 17:25:45.059467
Jaylen Watson,CB,Feb 9,IR,Dec 24: The Chiefs moved Watson (groin) to injured reserve Wednesday.,Unknown,ESPN,2026-01-10 17:25:45.059467
Trent McDuffie,CB,Feb 9,IR,Dec 24: The Chiefs moved McDuffie (knee) to injured reserve Wednesday.,Unknown,ESPN,2026-01-10 17:25:45.059467
Tyquan Thornton,WR,Feb 9,IR,Dec 24: The Chiefs placed Thornton (concussion) on injured reserve Wednesday.,Unknown,ESPN,2026-01-10 17:25:45.059467
Rashee Rice,WR,Feb 9,IR,Dec 24: The Chiefs placed Rice (concussion) on IR on Wednesday.,Unknown,ESPN,2026-01-10 17:25:45.059467
Gardner Minshew,QB,Feb 9,IR,"Dec 22: Minshew's MRI on Monday revealed that he didn't suffer a torn ACL in Sunday's loss to the Titans, Ian Rapoport of NFL Network reports.",Unknown,ESPN,2026-01-10 17:25:45.059467
Jawaan Taylor,OT,Feb 9,IR,Dec 20: Taylor (elbow) was placed on the injured reserve list Saturday.,Unknown,ESPN,2026-01-10 17:25:45.059467
Leo Chenal,LB,Feb 9,IR,Dec 20: Chenal (shoulder) was placed on the injured reserve list Saturday.,Unknown,ESPN,2026-01-10 17:25:45.059467
Patrick Mahomes,QB,Feb 9,IR,"Dec 18: Mahomes has begun rehab following surgery to repair the torn ACL and LCL in his left knee, and the Chiefs are optimistic that the star quarterback could be back as soon as Week 1 of the 2026 regular season, ESPN.com reports.",Unknown,ESPN,2026-01-10 17:25:45.059467
Wanya Morris,OT,Feb 9,IR,"Dec 13: The Chiefs placed Morris (knee) on injured reserve Saturday, Aaron Wilson of KPRC 2 Houston reports.",Unknown,ESPN,2026-01-10 17:25:45.059467
Chris Roland-Wallace,CB,Feb 9,IR,Dec 6: The Chiefs placed Roland-Wallace (back) on injured reserve Saturday.,Unknown,ESPN,2026-01-10 17:25:45.059467
Josh Simmons,OT,Feb 9,IR,Dec 3: Simmons (wrist) was placed on the injured reserve list Wednesday.,Unknown,ESPN,2026-01-10 17:25:45.059467
Omarr Norman-Lott,DT,Feb 9,IR,Oct 21: The Chiefs placed Norman-Lott (knee) on injured reserve Tuesday.,Unknown,ESPN,2026-01-10 17:25:45.059467
Brandon George,LB,Feb 9,IR,Aug 27: George (undisclosed) was placed on injured reserve Tuesday.,Unknown,ESPN,2026-01-10 17:25:45.059467
Ethan Driskell,OT,Feb 9,Out,Aug 27: Driskell (appendix) was placed on the reserve/non-football injury list Tuesday.,Unknown,ESPN,2026-01-10 17:25:45.059467
Felix Anudike-Uzomah,DE,Feb 9,IR,Aug 18: Anudike-Uzomah (hamstring) was placed on injured reserve by the Chiefs on Monday.,Unknown,ESPN,2026-01-10 17:25:45.059467
Deon Bush,S,Feb 9,IR,Aug 11: The Chiefs placed Bush (Achilles) on injured reserve Monday.,Unknown,ESPN,2026-01-10 17:25:45.059467
Janarius Robinson,DE,Feb 9,IR,Aug 11: Kansas City placed Robinson (foot) on its injured reserve list Monday.,Unknown,ESPN,2026-01-10 17:25:45.059467
Eric Scott Jr.,CB,Feb 9,IR,"Aug 3: Scott (undisclosed) reverted to injured reserve with Kansas City on Saturday, Aaron Wilson of KPRC 2 Houston reports.",Unknown,ESPN,2026-01-10 17:25:45.059467
Keaontay Ingram,RB,Feb 9,IR,"May 16: Ingram (undisclosed) reverted to injured reserve Friday, Aaron Wilson of KPRC 2 Houston reports.",Unknown,ESPN,2026-01-10 17:25:45.059467
Geno Smith,QB,Feb 9,Questionable,,Unknown,ESPN,2026-01-10 17:25:45.059467
Dylan Parham,G,Feb 9,Questionable,,Unknown,ESPN,2026-01-10 17:25:45.059467
Raheem Mostert,RB,Feb 9,Questionable,,Unknown,ESPN,2026-01-10 17:25:45.059467
Adam Butler,DT,Feb 9,Questionable,,Unknown,ESPN,2026-01-10 17:25:45.059467
Isaiah Pola-Mao,S,Feb 9,Questionable,Jan 4: Pola-Mao (shoulder) has been ruled out for the rest of Sunday's contest against the Chiefs.,Unknown,ESPN,2026-01-10 17:25:45.059467
Kolton Miller,OT,Feb 9,IR,"Jan 1: Miller (ankle) was not activated from injured reserve Wednesday and his practice window expired, per the NFL transaction log.",Unknown,ESPN,2026-01-10 17:25:45.059467
Maxx Crosby,DE,Feb 9,IR,Dec 27: The Raiders placed Crosby (knee) on the injured reserve Saturday.,Unknown,ESPN,2026-01-10 17:25:45.059467
Jeremy Chinn,S,Feb 9,IR,Dec 24: Las Vegas placed Chinn (back) on injured reserve Wednesday.,Unknown,ESPN,2026-01-10 17:25:45.059467
Brock Bowers,TE,Feb 9,IR,Dec 24: The Raiders placed Bowers (knee) on injured reserve Wednesday.,Unknown,ESPN,2026-01-10 17:25:45.059467
Jordan Meredith,C,Feb 9,IR,Dec 22: The Raiders placed Meredith (ankle) on injured reserve Monday.,Unknown,ESPN,2026-01-10 17:25:45.059467
Kyu Blu Kelly,CB,Feb 9,IR,"Dec 8: Kelly suffered a ruptured patella tendon during the Raiders' 24-17 loss to the Broncos on Sunday, Mike Garafolo of NFL Network reports.",Unknown,ESPN,2026-01-10 17:25:45.059467
Jackson Powers-Johnson,G,Feb 9,IR,Nov 11: The Raiders placed Powers-Johnson (ankle) on injured reserve Tuesday.,Unknown,ESPN,2026-01-10 17:25:45.059467
Brennan Jackson,LB,Feb 9,IR,Oct 3: The Raiders placed Jackson on injured reserve Friday due to a foot injury.,Unknown,ESPN,2026-01-10 17:25:45.059467
KeAndre Lambert-Smith,WR,Feb 9,IR,,Unknown,ESPN,2026-01-10 17:25:45.059467
Tucker Fisk,TE,Jan 11,Questionable,,Unknown,ESPN,2026-01-10 17:25:45.059467
Bud Dupree,LB,Jan 11,Questionable,"Jan 9: Dupree (hamstring) is listed as questionable ahead of Sunday's wild-card matchup against the Patriots, Eric Smith of the Chargers' official site reports.",Unknown,ESPN,2026-01-10 17:25:45.059467
Del'Shawn Phillips,LB,Jan 11,Questionable,"Jan 9: Phillips (hamstring) is listed as questionable ahead of Sunday's wild-card matchup against the Patriots, Eric Smith of the Chargers' official site reports.",Unknown,ESPN,2026-01-10 17:25:45.059467
Omarion Hampton,RB,Jan 11,Questionable,"Jan 9: When asked about his chances of playing in Sunday night's postseason opener against the Patriots, Hampton (ankle) -- who is officially listed as questionable for the contest -- replied, ""That's the plan,"" Eric Smith of the Chargers' official site reports.",Unknown,ESPN,2026-01-10 17:25:45.059467
Elijah Molden,CB,Jan 11,Questionable,"Jan 9: Molden (hamstring) is listed as questionable ahead of Sunday's wild-card matchup against the Patriots, Eric Smith of the Chargers' official site reports.",Unknown,ESPN,2026-01-10 17:25:45.059467
Kendall Williamson,S,Jan 17,Out,Jan 9: Williamson (ankle) has been ruled out for Sunday's wild-card game against the Patriots.,Unknown,ESPN,2026-01-10 17:25:45.059467
Austin Deculus,OT,Jan 11,Questionable,,Unknown,ESPN,2026-01-10 17:25:45.059467
Nikko Reed,CB,Feb 8,IR,Jan 4: Reed (hamstring) was placed on injured reserve Saturday.,Unknown,ESPN,2026-01-10 17:25:45.059467
Joe Alt,OT,Feb 9,IR,"Nov 5: The Chargers placed Alt (ankle) on injured reserve Wednesday, Aaron Wilson of KPRC 2 Houston reports.",Unknown,ESPN,2026-01-10 17:25:45.059467
Rick Lovato,LS,Feb 9,Reserve-Ret,Nov 4: The Chargers placed Lovato (undisclosed) on the reserve/retired list Tuesday.,Unknown,ESPN,2026-01-10 17:25:45.059467
Najee Harris,RB,Feb 9,IR,Sep 24: The Chargers placed Harris (Achilles) on IR on Wednesday.,Unknown,ESPN,2026-01-10 17:25:45.059467
Eric Rogers,CB,Jan 17,IR,Aug 27: Rogers (undisclosed) was placed on injured reserve by the Chargers on Wednesday.,Unknown,ESPN,2026-01-10 17:25:45.059467
Junior Colson,LB,Feb 9,IR,"Aug 27: The Chargers placed Colson (shoulder) on injured reserve Tuesday, ruling him out for the entire 2025 season,",Unknown,ESPN,2026-01-10 17:25:45.059467
Jordan Oladokun,CB,Feb 9,IR,"Aug 15: Oladokun (undisclosed) reverted to the Chargers' injured reserve list Friday, per the NFL's transaction log.",Unknown,ESPN,2026-01-10 17:25:45.059467
Rashawn Slater,OT,Feb 9,IR,Aug 9: The Chargers placed Slater (knee) on injured reserve Saturday.,Unknown,ESPN,2026-01-10 17:25:45.059467
Josh Fuga,DT,Feb 9,IR,"Aug 5: Fuga (undisclosed) reverted to the Chargers' injured reserve Tuesday, per the NFL's transaction log.",Unknown,ESPN,2026-01-10 17:25:45.059467
Darious Williams,CB,Jan 24,Out,"Jan 10: Williams (coach's decision) has been ruled out for the Rams' wild-card game versus the Panthers on Saturday, Adam Grosbard of The Orange County Register reports.",Unknown,ESPN,2026-01-10 17:25:45.059467
Josh Wallace,CB,Jan 17,Out,"Jan 10: Wallace (ankle) has been ruled out for the Rams' wild-card matchup versus the Panthers on Saturday, Adam Grosbard of The Orange County Register reports.",Unknown,ESPN,2026-01-10 17:25:45.059467
Stetson Bennett IV,QB,Jan 17,Out,"Jan 10: Bennett (coach's decision) is inactive but will serve as the Rams' emergency third quarterback during Saturday's wild-card matchup versus the Panthers, Adam Grosbard of The Orange County Register reports.",Unknown,ESPN,2026-01-10 17:25:45.059467
Terrance Ferguson,TE,Jan 17,Out,"Jan 10: Ferguson (hamstring) is listed as inactive Saturday at Carolina, Adam Grosbard of The Orange County Register reports.",Unknown,ESPN,2026-01-10 17:25:45.059467
Jordan Whittington,WR,Jan 17,Out,,Unknown,ESPN,2026-01-10 17:25:45.059467
Derion Kendrick,CB,Jan 17,Out,,Unknown,ESPN,2026-01-10 17:25:45.059467
Kevin Dotson,G,Jan 17,Out,,Unknown,ESPN,2026-01-10 17:25:45.059467
Shaun Dolac,LB,Feb 9,IR,Jan 6: The Rams placed Dolac (knee) on injured reserve Tuesday.,Unknown,ESPN,2026-01-10 17:25:45.059467
Rob Havenstein,OT,Jan 17,IR,"Dec 22: Head coach Sean McVay told reporters Monday that Havenstein (ankle) will not be activated from injured reserve ahead of the Rams' Week 17 tilt against the Falcons, Adam Grosbard of The Orange County Register reports.",Unknown,ESPN,2026-01-10 17:25:45.059467
Keir Thomas,LB,Feb 9,IR,Aug 19: The Rams placed Thomas (undisclosed) on injured reserve Tuesday.,Unknown,ESPN,2026-01-10 17:25:45.059467
Liam Eichenberg,OT,Feb 9,Out,"Jan 5: Eichenberg (knee) told reporters Monday that he's uncertain he'll be able to play again, Joe Schad of The Palm Beach Post reports.",Unknown,ESPN,2026-01-10 17:25:45.059467
Jaylen Waddle,WR,Feb 9,Questionable,,Unknown,ESPN,2026-01-10 17:25:45.059467
Chop Robinson,LB,Feb 9,Questionable,,Unknown,ESPN,2026-01-10 17:25:45.059467
Austin Jackson,G,Feb 9,Questionable,,Unknown,ESPN,2026-01-10 17:25:45.059467
Minkah Fitzpatrick,S,Feb 9,Questionable,,Unknown,ESPN,2026-01-10 17:25:45.059467
De'Von Achane,RB,Feb 9,Questionable,,Unknown,ESPN,2026-01-10 17:25:45.059467
Theo Wease Jr.,WR,Feb 9,Questionable,"Jan 4: Wease was evaluated for a possible concussion during Sunday's game against the Patriots, David Furones of the South Florida Sun Sentinel reports.",Unknown,ESPN,2026-01-10 17:25:45.059467
Quinn Ewers,QB,Feb 9,Questionable,Jan 4: Ewers (knee) is questionable to return to Sunday's game against the Patriots.,Unknown,ESPN,2026-01-10 17:25:45.059467
Malik Washington,WR,Feb 9,Questionable,Jan 4: Washington exited Sunday's game against the Patriots with a thumb injury.,Unknown,ESPN,2026-01-10 17:25:45.059467
Jason Sanders,PK,Feb 9,IR,"Jan 3: Sanders (hip) has been downgraded from questionable to out for Sunday's game against the Patriots, David Furones of the South Florida Sun Sentinel reports.",Unknown,ESPN,2026-01-10 17:25:45.059467
Darren Waller,TE,Feb 9,IR,Jan 2: The Dolphins placed Waller (groin) on injured reserve Friday.,Unknown,ESPN,2026-01-10 17:25:45.059467
Isaiah Johnson,CB,Feb 9,IR,Dec 27: The Dolphins moved Johnson (knee) to injured reserve Saturday.,Unknown,ESPN,2026-01-10 17:25:45.059467
Benito Jones,DT,Feb 9,IR,Dec 27: Jones (back) was placed on the injured reserve list Saturday.,Unknown,ESPN,2026-01-10 17:25:45.059467
Dee Eskridge,WR,Feb 9,IR,Dec 27: The Dolphins placed Eskridge (toe) on the injured reserve list Saturday.,Unknown,ESPN,2026-01-10 17:25:45.059467
James Daniels,G,Feb 9,IR,"Dec 22: Coach Mike McDaniel said Monday that Daniels (pectoral) is not expected to play again this season, Joe Schad of The Palm Beach Post reports.",Unknown,ESPN,2026-01-10 17:25:45.059467
Elijah Campbell,S,Feb 9,IR,Dec 20: The Dolphins placed Campbell (ankle) on injured reserve Saturday.,Unknown,ESPN,2026-01-10 17:25:45.059467
Caleb Johnson,LB,Feb 9,IR,Dec 12: The Dolphins placed Johnson (shoulder) on injured reserve Friday.,Unknown,ESPN,2026-01-10 17:25:45.059467
Jordan Colbert,S,Feb 9,IR,Nov 21: The Dolphins placed Colbert (neck) on injured reserve Friday.,Unknown,ESPN,2026-01-10 17:25:45.059467
JuJu Brents,CB,Feb 9,IR,Nov 19: The Dolphins placed Brents (foot) on injured reserve Wednesday.,Unknown,ESPN,2026-01-10 17:25:45.059467
Storm Duck,CB,Feb 9,IR,Oct 28: The Dolphins placed Duck (knee) on injured reserve Tuesday.,Unknown,ESPN,2026-01-10 17:25:45.059467
Tyreek Hill,WR,Feb 9,IR,"Oct 24: Hill (knee) hasn't decided if he will continue playing football or retire from the NFL, ESPN.com reports.",Unknown,ESPN,2026-01-10 17:25:45.059467
Yodny Cajuste,OT,Feb 9,IR,"Aug 20: Cajuste (undisclosed) was placed on injured reserve Tuesday, Aaron Wilson of KPRC 2 Houston reports.",Unknown,ESPN,2026-01-10 17:25:45.059467
Germain Ifedi,G,Feb 9,IR,Aug 14: Ifedi (undisclosed) was placed on injured reserve Thursday.,Unknown,ESPN,2026-01-10 17:25:45.059467
Alexander Mattison,RB,Feb 9,IR,"Aug 12: Mattison (neck), who was placed on season-ending IR on Monday, does not have a career-ending injury, David Furones of the South Florida Sun Sentinel reports.",Unknown,ESPN,2026-01-10 17:25:45.059467
Jalin Conyers,TE,Feb 9,IR,Aug 4: The Dolphins placed Conyers on injured reserve Monday due to a leg injury.,Unknown,ESPN,2026-01-10 17:25:45.059467
Myles Price,WR,Feb 9,Questionable,,Unknown,ESPN,2026-01-10 17:25:45.059467
Dwight McGlothern,CB,Feb 9,Questionable,,Unknown,ESPN,2026-01-10 17:25:45.059467
Aaron Jones Sr.,RB,Feb 9,Questionable,,Unknown,ESPN,2026-01-10 17:25:45.059467
T.J. Hockenson,TE,Feb 9,Questionable,,Unknown,ESPN,2026-01-10 17:25:45.059467
J.J. McCarthy,QB,Feb 9,Questionable,Jan 5: McCarthy completed 14 of 23 pass attempts for 182 yards and added seven yards on two carries before exiting Sunday's 16-3 win over the Packers in the third quarter after aggravating a right hand injury.,Unknown,ESPN,2026-01-10 17:25:45.059467
Josh Oliver,TE,Feb 9,Questionable,,Unknown,ESPN,2026-01-10 17:25:45.059467
Sione Takitaki,LB,Feb 9,Questionable,Jan 4: Takitaki (hamstring) is questionable to return to Sunday's game versus the Packers.,Unknown,ESPN,2026-01-10 17:25:45.059467
Gavin Bartholomew,TE,Feb 9,Out,Jan 2: Bartholomew (back) has been ruled out ahead of Sunday's game against the Packers.,Unknown,ESPN,2026-01-10 17:25:45.059467
Elijah Williams,DE,Feb 9,IR,Dec 29: The Vikings placed Williams (ankle) on injured reserve Monday.,Unknown,ESPN,2026-01-10 17:25:45.059467
Ryan Kelly,C,Feb 9,IR,"Dec 24: The Vikings placed Kelly (concussion) on injured reserve Wednesday, Craig Peters of the team's official site reports.",Unknown,ESPN,2026-01-10 17:25:45.059467
Christian Darrisaw,OT,Feb 9,IR,Dec 19: The Vikings moved Darrisaw (knee) to injured reserve Friday.,Unknown,ESPN,2026-01-10 17:25:45.059467
Jonathan Greenard,LB,Feb 9,IR,"Dec 17: The Vikings placed Greenard (shoulder) on injured reserve Wednesday, Craig Peters of the team's official site reports.",Unknown,ESPN,2026-01-10 17:25:45.059467
Joshua Metellus,S,Feb 9,IR,"Dec 17: The Vikings placed Metellus (shoulder) on injured reserve Wednesday, Craig Peters of the team's official site reports.",Unknown,ESPN,2026-01-10 17:25:45.059467
Jeff Okudah,CB,Feb 9,IR,Nov 8: The Vikings placed Okudah (concussion) on injured reserve Saturday.,Unknown,ESPN,2026-01-10 17:25:45.059467
Carson Wentz,QB,Feb 9,IR,"Oct 27: Wentz is expected to undergo season-ending surgery to address his left shoulder injury, Tom Pelissero of NFL Network reports.",Unknown,ESPN,2026-01-10 17:25:45.059467
Gabriel Murphy,LB,Oct 5,Questionable,Sep 14: Murphy (knee) has been ruled out for the rest of Sunday night's contest against the Falcons.,Unknown,ESPN,2026-01-10 17:25:45.059467
Zeke Correll,C,Feb 9,IR,"Aug 13: Correll (ankle) reverted to the Vikings' injured reserve list Wednesday, Aaron Wilson of KPRC 2 Houston reports.",Unknown,ESPN,2026-01-10 17:25:45.059467
Rondale Moore,WR,Feb 9,IR,Aug 12: The Vikings placed Moore (knee) on injured reserve Tuesday.,Unknown,ESPN,2026-01-10 17:25:45.059467
Matt Nelson,OT,Feb 9,IR,Aug 11: Nelson (undisclosed) was placed on the Vikings' injured reserve Monday.,Unknown,ESPN,2026-01-10 17:25:45.059467
Thayer Munford Jr.,OT,Jan 11,Questionable,"Jan 9: Munford (knee) is questionable for Sunday's wild-card game against the Chargers, Evan Lazar of the Patriots' official site reports.",Unknown,ESPN,2026-01-10 17:25:45.059467
Harold Landry III,LB,Jan 11,Questionable,"Jan 9: Landry (knee) is questionable for Sunday's wild-card game against the Chargers, Evan Lazar of the Patriots' official site reports.",Unknown,ESPN,2026-01-10 17:25:45.059467
Khyiris Tonga,DT,Jan 17,Out,"Jan 9: Tonga (foot) has been ruled out for Sunday's wild-card round game against the Chargers, Evan Lazar of the Patriots' official site reports.",Unknown,ESPN,2026-01-10 17:25:45.059467
Kayshon Boutte,WR,Jan 11,Questionable,"Jan 9: Boutte (hamstring) will be listed as questionable for Sunday night's playoff opener against the Chargers, Evan Lazar of the Patriots' official site reports.",Unknown,ESPN,2026-01-10 17:25:45.059467
Alex Austin,CB,Jan 17,IR,"Dec 31: Austin (wrist) is returning to practice Wednesday, per head coach Mike Vrabel, Mike Reiss of ESPN.com reports.",Unknown,ESPN,2026-01-10 17:25:45.059467
Mack Hollins,WR,Jan 25,IR,"Dec 27: The Patriots placed Hollins (abdomen) on injured reserve Saturday, Evan Lazar of the team's official site reports.",Unknown,ESPN,2026-01-10 17:25:45.059467
Joshua Farmer,DT,Jan 25,IR,Dec 23: The Patriots placed Farmer (hamstring) on injured reserve Tuesday.,Unknown,ESPN,2026-01-10 17:25:45.059467
Terrell Jennings,RB,Jan 17,IR,Dec 13: The Patriots placed Jennings (concussion) on injured reserve Saturday.,Unknown,ESPN,2026-01-10 17:25:45.059467
Antonio Gibson,RB,Feb 9,IR,Oct 10: Gibson (knee) was placed on injured reserve Friday.,Unknown,ESPN,2026-01-10 17:25:45.059467
Isaiah Iton,DT,Feb 9,IR,"Aug 19: Iton (hip) reverted to New England's injured reserve list Tuesday, Aaron Wilson of KPRC 2 Houston reports.",Unknown,ESPN,2026-01-10 17:25:45.059467
Deneric Prince,RB,Feb 9,IR,,Unknown,ESPN,2026-01-10 17:25:45.059467
Lan Larison,RB,Feb 9,IR,"Aug 10: The Patriots placed Larison (foot) on injured reserve Sunday, Doug Kyed of the Boston Herald reports.",Unknown,ESPN,2026-01-10 17:25:45.059467
Marcellas Dial Jr.,CB,Feb 9,IR,"Aug 5: The Patriots placed Dial (knee) on injured reserve Tuesday, Mike Reiss of ESPN.com reports.",Unknown,ESPN,2026-01-10 17:25:45.059467
Jaquelin Roy,DT,Feb 9,IR,"Aug 5: The Patriots placed Roy (undisclosed) on injured reserve Tuesday, Mike Reiss of ESPN.com reports.",Unknown,ESPN,2026-01-10 17:25:45.059467
Yasir Durant,OT,Feb 9,IR,"Jul 31: Durant (undisclosed) reverted to the Patriots' injured-reserve list Thursday, Doug Kyed of the Boston Herald reports.",Unknown,ESPN,2026-01-10 17:25:45.059467
Brock Lampe,FB,Feb 9,IR,Jul 29: The Patriots placed Lampe on injured reserve Tuesday due to an undisclosed injury.,Unknown,ESPN,2026-01-10 17:25:45.059467
Taysom Hill,QB,Feb 9,Questionable,"Jan 7: Saints head coach Kellen Moore said Wednesday that the injury Hill (shoulder) sustained Week 18 is ""just an AC,"" Mike Triplett of NewOrleans.Football reports.",Unknown,ESPN,2026-01-10 17:25:45.059467
Nathan Shepherd,DT,Feb 9,Questionable,,Unknown,ESPN,2026-01-10 17:25:45.059467
Spencer Rattler,QB,Feb 9,Questionable,,Unknown,ESPN,2026-01-10 17:25:45.059467
Chris Olave,WR,Feb 9,Questionable,,Unknown,ESPN,2026-01-10 17:25:45.059467
Alvin Kamara,RB,Feb 9,Questionable,,Unknown,ESPN,2026-01-10 17:25:45.059467
Bryan Bresee,DT,Feb 9,Questionable,,Unknown,ESPN,2026-01-10 17:25:45.059467
Kelvin Banks Jr.,OT,Feb 9,Questionable,Jan 4: Banks (ankle) is out for the remainder of Sunday's game against the Falcons.,Unknown,ESPN,2026-01-10 17:25:45.059467
Michael Davis,CB,Feb 9,IR,"Jan 2: Davis (shoulder) was placed on the injured reserve list Friday, Mike Triplett of NewOrleans.Football reports.",Unknown,ESPN,2026-01-10 17:25:45.059467
Zaire Mitchell-Paden,TE,Feb 9,IR,"Jan 2: Mitchell-Paden (knee) was placed on the injured reserve list Friday, Mike Triplett of NewOrleans.Football reports.",Unknown,ESPN,2026-01-10 17:25:45.059467
Jack Stoll,TE,Feb 9,IR,"Jan 2: Stoll (knee) was placed on the injured reserve list Friday, Mike Triplett of NewOrleans.Football reports.",Unknown,ESPN,2026-01-10 17:25:45.059467
Mason Tipton,WR,Feb 9,IR,"Jan 2: The Saints are placing Tipton (groin) on injured reserve ahead of Sunday's Week 18 matchup with Atlanta, Mike Triplett of NewOrleans.Football reports.",Unknown,ESPN,2026-01-10 17:25:45.059467
Foster Moreau,TE,Feb 9,IR,Dec 26: Moreau (ankle) was placed on the injured reserve list Friday.,Unknown,ESPN,2026-01-10 17:25:45.059467
Devaughn Vele,WR,Feb 9,IR,"Dec 19: The Saints placed Vele (shoulder) on injured reserve Friday, WWLAM's Jeff Nowak reports.",Unknown,ESPN,2026-01-10 17:25:45.059467
Devin Neal,RB,Feb 9,IR,Dec 18: The Saints placed Neal (hamstring) on injured reserve Thursday.,Unknown,ESPN,2026-01-10 17:25:45.059467
Erik McCoy,C,Feb 9,IR,Oct 21: New Orleans placed McCoy (biceps) on its injured reserve list Tuesday.,Unknown,ESPN,2026-01-10 17:25:45.059467
Kendre Miller,RB,Feb 9,IR,Oct 21: The Saints placed Miller (knee) on injured reserve Tuesday.,Unknown,ESPN,2026-01-10 17:25:45.059467
Trey Palmer,WR,Feb 9,IR,Oct 4: The Saints placed Palmer (ankle) on injured reserve Saturday.,Unknown,ESPN,2026-01-10 17:25:45.059467
Vernon Broughton,DT,Feb 9,IR,Sep 17: The Saints placed Broughton (hip) on injured reserve Wednesday.,Unknown,ESPN,2026-01-10 17:25:45.059467
Julian Blackmon,S,Feb 9,IR,"Sep 13: The Saints placed Blackmon (shoulder) on injured reserve Saturday, Matthew Paras of The New Orleans Times-Picayune reports.",Unknown,ESPN,2026-01-10 17:25:45.059467
Ja'Lynn Polk,WR,Feb 9,IR,"Sep 13: The Patriots traded Polk (shoulder) and a 2028 seventh-round pick to the Saints for a 2027 sixth-round pick Saturday, Dianna Russini of The Athletic reports.",Unknown,ESPN,2026-01-10 17:25:45.059467
Landon Young,OT,Feb 9,IR,"Aug 27: New Orleans placed Young (ankle) on its injured reserve list Tuesday, Ross Jackson of WWL Louisiana reports.",Unknown,ESPN,2026-01-10 17:25:45.059467
Mason Pline,TE,Feb 9,IR,"Aug 13: Pline (upper body) reverted to injured reserve with the Saints on Wednesday, Aaron Wilson of KPRC 2 Houston reports.",Unknown,ESPN,2026-01-10 17:25:45.059467
Bub Means,WR,Feb 9,IR,"Aug 13: The Saints placed Means (lower leg) on the injured reserve list Wednesday, Ross Jackson of WWL Louisiana reports.",Unknown,ESPN,2026-01-10 17:25:45.059467
Will Clapp,C,Feb 9,IR,"Aug 12: Clapp (foot) was placed on the Saints' injured reserve list Tuesday, Ross Jackson of WWL Louisiana reports.",Unknown,ESPN,2026-01-10 17:25:45.059467
Nick Saldiveri,OT,Feb 9,IR,"Aug 3: Saldiveri (knee) was placed on injured reserve Saturday, Mike Triplett of NewOrleans.Football reports.",Unknown,ESPN,2026-01-10 17:25:45.059467
Anthony Johnson Jr.,S,Feb 9,Out,,Unknown,ESPN,2026-01-10 17:25:45.059467
Cam Skattebo,RB,Feb 9,IR,"Jan 9: Skattebo (ankle) is on schedule in his recovery from a dislocated right ankle, having shed his walking boot after eight weeks, and he's aiming to be back by training camp if not for spring practices, Dan Salomone of the Giants' official site reports.",Unknown,ESPN,2026-01-10 17:25:45.059467
Wan'Dale Robinson,WR,Feb 9,IR,"Jan 5: Robinson said Monday that he fractured his ribs in the first half of the Giants' Week 17 win over the Raiders, Evan Barnes of Newsday reports.",Unknown,ESPN,2026-01-10 17:25:45.059467
Theo Johnson,TE,Feb 9,Questionable,,Unknown,ESPN,2026-01-10 17:25:45.059467
Jalin Hyatt,WR,Feb 9,Questionable,,Unknown,ESPN,2026-01-10 17:25:45.059467
Jevon Holland,S,Feb 9,Questionable,,Unknown,ESPN,2026-01-10 17:25:45.059467
Rico Payton,CB,Feb 9,Questionable,"Jan 4: Payton was evaluated for a concussion during Sunday's 34-17 win versus the Cowboys, Evan Barnes of Newsday reports.",Unknown,ESPN,2026-01-10 17:25:45.059467
Darius Muasau,LB,Feb 9,Questionable,"Jan 4: Muasau (ankle) is questionable to return to Sunday's game versus the Cowboys, Dan Salomone of the Giants' official site reports.",Unknown,ESPN,2026-01-10 17:25:45.059467
Rakeem Nunez-Roches,DT,Feb 9,IR,"Jan 3: Nunez-Roches (ankle) was placed on injured reserve Saturday, Dan Salomone of the Giants' official site reports.",Unknown,ESPN,2026-01-10 17:25:45.059467
Cor'Dale Flott,CB,Feb 9,IR,"Jan 3: Flott (knee) was placed on injured reserve Saturday, Dan Salomone of the Giants' official site reports.",Unknown,ESPN,2026-01-10 17:25:45.059467
Evan Neal,OT,Feb 9,IR,"Jan 2: Neal (neck) has been ruled out for Sunday's game against the Cowboys, Dan Salomone of the Giants' official site reports.",Unknown,ESPN,2026-01-10 17:25:45.059467
Joshua Ezeudu,G,Feb 9,IR,"Jan 1: Ezeudu (calf) was not activated from injured reserve Wednesday and his practice period expired, per the NFL transaction log.",Unknown,ESPN,2026-01-10 17:25:45.059467
Beaux Collins,WR,Feb 9,IR,"Dec 31: Collins' (concussion) 21-day practice window expired Wednesday, and he'll remain on injured reserve for the rest of the season, Patricia Traina of SI.com reports.",Unknown,ESPN,2026-01-10 17:25:45.059467
D.J. Davidson,DT,Feb 9,IR,"Dec 27: The Giants moved Davidson (neck) to injured reserve Saturday, Dan Salomone of the team's official site reports.",Unknown,ESPN,2026-01-10 17:25:45.059467
Andrew Thomas,OT,Feb 9,IR,"Dec 27: The Giants moved Thomas (hamstring) to injured reserve Saturday, Dan Salomone of the team's official site reports.",Unknown,ESPN,2026-01-10 17:25:45.059467
Tyler Nubin,S,Feb 9,IR,"Dec 27: The Giants moved Nubin (neck) to injured reserve Saturday, Dan Salomone of the Giants' official site reports.",Unknown,ESPN,2026-01-10 17:25:45.059467
John Michael Schmitz Jr.,C,Feb 9,IR,"Dec 27: Schmitz (finger) has been ruled out for Sunday's game against the Raiders, Dan Salomone of the Giants' official site reports.",Unknown,ESPN,2026-01-10 17:25:45.059467
Kayvon Thibodeaux,LB,Feb 9,IR,Dec 20: The Giants placed Thibodeaux (shoulder) on injured reserve Saturday.,Unknown,ESPN,2026-01-10 17:25:45.059467
Nic Jones,CB,Feb 9,IR,"Dec 13: The Giants placed Jones (shoulder) on injured reserve Saturday, Dan Salomone of the team's official site reports.",Unknown,ESPN,2026-01-10 17:25:45.059467
Victor Dimukeje,LB,Feb 9,IR,"Dec 13: The Giants placed Dimukeje (knee) on injured reserve Saturday, Dan Salomone of the team's official site reports.",Unknown,ESPN,2026-01-10 17:25:45.059467
Micah McFadden,LB,Feb 9,IR,"Dec 9: McFadden started running on the field last week as he makes his way back from Lisfranc surgery for the foot injury he suffered in Week 1, Dan Duggan of The Athletic reports.",Unknown,ESPN,2026-01-10 17:25:45.059467
Thomas Fidone II,TE,Feb 9,IR,"Nov 22: Fidone (foot) was placed on injured reserve Saturday, Dan Salomone of the Giants' official sitereports.",Unknown,ESPN,2026-01-10 17:25:45.059467
Graham Gano,PK,Feb 9,IR,"Nov 12: The Giants placed Gano (neck) on injured reserve Wednesday, Dan Salomone of the Giants' official site reports.",Unknown,ESPN,2026-01-10 17:25:45.059467
Malik Nabers,WR,Feb 9,IR,"Oct 28: Nabers underwent successful surgery Tuesday to repair a torn ACL and meniscus in his right knee, Dan Salomone of the Giants' official site reports.",Unknown,ESPN,2026-01-10 17:25:45.059467
Chris Board,LB,Feb 9,IR,"Sep 16: The Giants placed Board (chest) on injured reserve Tuesday, Dan Salomone of the Giants' official site reports.",Unknown,ESPN,2026-01-10 17:25:45.059467
Breece Hall,RB,Feb 9,Questionable,"Jan 9: Jets GM Darren Mougey said at Tuesday's end-of-season press conference that the team would like to retain Hall (knee) but wouldn't go into specifics regarding whether the Jets are open to using the franchise tag on the pending unrestricted free agent, Antwan Staley of the New York Daily News reports.",Unknown,ESPN,2026-01-10 17:25:45.059467
Quincy Williams,LB,Feb 9,Questionable,"Jan 7: Williams (hand) recorded 83 tackles (45 solo), including 3.5 sacks, and seven passes defensed across 13 appearances in 2025.",Unknown,ESPN,2026-01-10 17:25:45.059467
Tyrod Taylor,QB,Feb 9,Questionable,Jan 7: Taylor (knee) completed 80 of 134 passes for 779 yards and a 5:5 TD:INT across six appearances (four starts) in 2025. He added 27 rushing attempts for 143 yards and one touchdown.,Unknown,ESPN,2026-01-10 17:25:45.059467
Jelani Woods,TE,Feb 9,Questionable,,Unknown,ESPN,2026-01-10 17:25:45.059467
Qwan'tez Stiggers,CB,Feb 9,Questionable,,Unknown,ESPN,2026-01-10 17:25:45.059467
Brandon Stephens,CB,Feb 9,Questionable,,Unknown,ESPN,2026-01-10 17:25:45.059467
Micheal Clemons,DE,Feb 9,Questionable,,Unknown,ESPN,2026-01-10 17:25:45.059467
Xavier Newman,G,Feb 9,IR,Jan 4: Newman-Johnson (knee) was placed on injured reserve Saturday.,Unknown,ESPN,2026-01-10 17:25:45.059467
Isaiah Davis,RB,Feb 9,IR,Jan 3: Davis (concussion) was placed on injured reserve Saturday.,Unknown,ESPN,2026-01-10 17:25:45.059467
Mason Taylor,TE,Feb 9,IR,Jan 3: The Jets placed Taylor (neck) on injured reserve Saturday.,Unknown,ESPN,2026-01-10 17:25:45.059467
Jay Tufele,DT,Feb 9,IR,"Dec 26: The Jets placed Tufele (foot) on injured reserve Friday, Susanna Weir of the Jets' official site reports.",Unknown,ESPN,2026-01-10 17:25:45.059467
Kiko Mauigoa,LB,Feb 9,IR,"Dec 26: The Jets placed Mauigoa (neck) on injured reserve Friday, Susanna Weir of the Jets' official site reports.",Unknown,ESPN,2026-01-10 17:25:45.059467
Will McDonald IV,DE,Feb 9,IR,"Dec 26: The Jets placed McDonald (knee) on injured reserve Friday, Susanna Weir of the Jets' official site reports.",Unknown,ESPN,2026-01-10 17:25:45.059467
Justin Fields,QB,Feb 9,IR,"Dec 24: The Jets placed Fields (knee) on injured reserve Wednesday, Susanna Weir of the team's official site reports.",Unknown,ESPN,2026-01-10 17:25:45.059467
Garrett Wilson,WR,Feb 9,IR,"Dec 19: Coach Aaron Glenn said Friday that Wilson (knee) will remain on IR for the rest of the season, Eric Allen of the Jets' official site reports.",Unknown,ESPN,2026-01-10 17:25:45.059467
Tony Adams,S,Feb 9,IR,Dec 18: The Jets placed Adams (groin) on injured reserve Thursday.,Unknown,ESPN,2026-01-10 17:25:45.059467
Isaiah Oliver,S,Feb 9,IR,Dec 15: The Jets placed Oliver (knee) on injured reserve Monday.,Unknown,ESPN,2026-01-10 17:25:45.059467
Azareye'h Thomas,CB,Feb 9,IR,Dec 13: The Jets placed Thomas (shoulder) on injured reserve Saturday.,Unknown,ESPN,2026-01-10 17:25:45.059467
Tyler Baron,DE,Feb 9,IR,"Dec 11: The Jets placed Baron (knee) on injured reserve Wednesday, Susanna Welr of the team's official site reports.",Unknown,ESPN,2026-01-10 17:25:45.059467
Marcelino McCrary-Ball,LB,Feb 9,IR,"Dec 6: The Jets placed McCrary-Ball (hamstring) on injured reserve Saturday, Susanna Weir and Eric Allen of the team's official site report.",Unknown,ESPN,2026-01-10 17:25:45.059467
Jarvis Brownlee Jr.,CB,Feb 9,IR,"Dec 6: The Jets placed Brownlee (hip) on injured reserve Saturday, Susanna Weir and Eric Allen of the team's official site report.",Unknown,ESPN,2026-01-10 17:25:45.059467
Kris Boyd,CB,Feb 9,IR,"Nov 19: Jets head coach Aaron Glenn said Wednesday that Boyd (shoulder) has been upgraded to stable condition and is ""going to come out of this thing really, really well,"" Rich Cimini of ESPN reports.",Unknown,ESPN,2026-01-10 17:25:45.059467
Andre Cisco,S,Feb 9,IR,Nov 5: Cisco (pectoral) was placed on the injured reserve list Wednesday.,Unknown,ESPN,2026-01-10 17:25:45.059467
Josh Reynolds,WR,Feb 9,IR,Oct 25: The Jets placed Reynolds (hip) on injured reserve Saturday.,Unknown,ESPN,2026-01-10 17:25:45.059467
Braelon Allen,RB,Feb 9,IR,"Oct 3: Coach Aaron Glenn revealed Friday that Allen (knee) is expected to miss 8-12 weeks, Rich Cimini of ESPN.com reports.",Unknown,ESPN,2026-01-10 17:25:45.059467
Brett Toth,C,Jan 17,Out,"Jan 10: Toth (concussion), who was originally listed as questionable for Sunday's wild-card matchup against the 49ers, has been downgraded and ruled out.",Unknown,ESPN,2026-01-10 17:25:45.059467
Lane Johnson,OT,Jan 11,Questionable,"Jan 10: Johnson (foot) is trending toward returning for Sunday's wild-card matchup against the 49ers, Jeremy Fowler of ESPN.com reports.",Unknown,ESPN,2026-01-10 17:25:45.059467
Azeez Ojulari,LB,Jan 11,IR,Jan 9: Ojulari (hamstring) is listed as questionable for Sunday's wild-card game against the 49ers.,Unknown,ESPN,2026-01-10 17:25:45.059467
Myles Hinton,OT,Feb 9,IR,"Dec 11: Hinton (back) had his 21-day practice window expire Wednesday without being activated from IR, per the NFL's official transactions log.",Unknown,ESPN,2026-01-10 17:25:45.059467
Willie Lampkin,C,Feb 9,IR,"Nov 27: Lampkin (knee) will remain on injured reserve for the rest of the season after his 21-day practice window expired Thursday, Zach Berman of The Athletic reports.",Unknown,ESPN,2026-01-10 17:25:45.059467
Andrew Mukuba,S,Jan 11,IR,"Nov 26: The Eagles placed Mukuba (ankle) on injured reserve Wednesday, Chris McPherson of the team's official site reports.",Unknown,ESPN,2026-01-10 17:25:45.059467
Ogbo Okoronkwo,DE,Feb 9,IR,Sep 30: Philadelphia placed Okoronkwo (triceps) on its injured reserve list Tuesday.,Unknown,ESPN,2026-01-10 17:25:45.059467
Ben VanSumeren,FB,Jan 11,IR,"Sep 5: VanSumeren was diagnosed with a torn patella tendon Friday, Adam Schefter of ESPN reports.",Unknown,ESPN,2026-01-10 17:25:45.059467
Johnny Wilson,WR,Feb 9,IR,"Aug 22: The Eagles placed Wilson (knee) on injured reserve Friday, Jeff McLane of The Philadelphia Inquirer reports.",Unknown,ESPN,2026-01-10 17:25:45.059467
Isaiahh Loudermilk,DT,Jan 12,IR,"Jan 9: The Steelers announced Friday that Loudermilk (ankle) has been designated for return from IR, Teresa Varley of the team's official site reports.",Unknown,ESPN,2026-01-10 17:25:45.059467
Darnell Washington,TE,Feb 9,IR,"Dec 31: The Steelers placed Washington (forearm) on IR on Wednesday, Teresa Varley of the team's official site reports.",Unknown,ESPN,2026-01-10 17:25:45.059467
Daniel Ekuale,DT,Feb 9,IR,"Dec 29: The NFL lifted Ekuale's (knee) five-game suspension Monday, Aaron Wilson of KPRC 2 Houston reports.",Unknown,ESPN,2026-01-10 17:25:45.059467
Calvin Anderson,OT,Jan 12,IR,"Dec 10: Anderson (knee) was placed on the reserve/injured list Wednesday, Teresa Varley of the Steelers' official site reports.",Unknown,ESPN,2026-01-10 17:25:45.059467
Donte Kent,CB,Feb 9,IR,"Dec 5: Kent's (ankle) will be sidelined for the rest of the 2025 season, Burt Lauten of the Steelers organization reports.",Unknown,ESPN,2026-01-10 17:25:45.059467
Broderick Jones,OT,Feb 9,IR,"Nov 30: Jones' neck injury is ""more serious than originally thought,"" and he's expected to be sidelined for the remainder of the 2025 campaign, Gerry Dulac of the Pittsburgh Post-Gazette reports.",Unknown,ESPN,2026-01-10 17:25:45.059467
Cory Trice Jr.,CB,Feb 9,IR,"Nov 19: Trice (hamstring/knee) will be sidelined for the rest of the season after he was not activated from injured reserve prior to Wednesday's deadline, Chris Adamski of TribLive.com reports.",Unknown,ESPN,2026-01-10 17:25:45.059467
DeShon Elliott,S,Jan 12,IR,Oct 31: The Steelers placed Elliott (knee) on injured reserve Friday.,Unknown,ESPN,2026-01-10 17:25:45.059467
Miles Killebrew,S,Feb 9,IR,"Oct 21: Killebrew (knee) will miss the remainder of the season, Brooke Pryor of ESPN reports.",Unknown,ESPN,2026-01-10 17:25:45.059467
Max Scharping,G,Feb 9,IR,"Sep 20: The Steelers placed Scharping (knee) on injured reserve Saturday, Teresa Varley of the team's official site reports.",Unknown,ESPN,2026-01-10 17:25:45.059467
Skylar Thompson,QB,Jan 12,IR,"Sep 10: Thompson (hamstring) was placed on injured reserve Wednesday, Teresa Varley of the Steelers' official site reports.",Unknown,ESPN,2026-01-10 17:25:45.059467
Dean Lowry,DT,Feb 9,IR,"Aug 3: Lowry was placed on injured reserve due to a knee injury Saturday, Ray Fittipaldo of the Pittsburgh Post-Gazette reports.",Unknown,ESPN,2026-01-10 17:25:45.059467
Jacob Slade,DT,Feb 9,IR,,Unknown,ESPN,2026-01-10 17:25:45.059467
Donald Parham Jr.,TE,Feb 9,IR,"Jun 5: Parham (Achilles) was placed on injured reserve by the Steelers on Thursday, Mike DeFabo of The Athletic reports.",Unknown,ESPN,2026-01-10 17:25:45.059467
Trent Williams,OT,Jan 11,Questionable,"Jan 10: Williams (hamstring) is trending toward returning for Sunday's wild-card matchup against the Eagles, Jeremy Fowler of ESPN.com reports.",Unknown,ESPN,2026-01-10 17:25:45.059467
Keion White,DE,Jan 11,Questionable,"Jan 9: White (groin/hamstring) is listed as questionable ahead of Sunday's wild-card matchup with the Eagles, Noah Furtado of the San Francisco Chronicle reports.",Unknown,ESPN,2026-01-10 17:25:45.059467
Renardo Green,CB,Jan 11,Questionable,"Jan 9: Green (foot) is listed as questionable for Sunday's wild-card road game against the Eagles, Matt Maiocco of NBC Sports Bay Area reports.",Unknown,ESPN,2026-01-10 17:25:45.059467
Luke Gifford,LB,Jan 11,Questionable,"Jan 9: Gifford (quadriceps) is listed as questionable for Sunday's wild-card game against the Eagles, Matt Maiocco of NBC Sports Bay Area reports.",Unknown,ESPN,2026-01-10 17:25:45.059467
Dee Winters,LB,Jan 11,Questionable,"Jan 9: Winters (ankle) is listed as questionable for Sunday's wild-card road game against the Eagles, Matt Maiocco of NBC Sports Bay Area reports.",Unknown,ESPN,2026-01-10 17:25:45.059467
Jacob Cowing,WR,Jan 17,IR,"Jan 9: Cowing (hamstring) is listed as questionable for Sunday's wild-card game against the Eagles, Matt Maiocco of NBC Sports Bay Area reports, but the wide receiver remains on injured reserve.",Unknown,ESPN,2026-01-10 17:25:45.059467
Ricky Pearsall,WR,Jan 11,Questionable,"Jan 9: Pearsall (knee/ankle) is listed as questionable for Sunday's game at Philadelphia despite not practicing at all this week, Noah Furtado of the San Francisco Chronicle reports.",Unknown,ESPN,2026-01-10 17:25:45.059467
Fred Warner,LB,Jan 25,IR,"Jan 8: Warner (ankle) was seen sprinting on the side during Thursday's practice, Matt Barrows of The Athletic reports.",Unknown,ESPN,2026-01-10 17:25:45.059467
Tatum Bethune,LB,Feb 9,IR,Jan 7: The 49ers moved Bethune (groin) to injured reserve Wednesday.,Unknown,ESPN,2026-01-10 17:25:45.059467
Kurtis Rourke,QB,Feb 9,Out,"Dec 29: Rourke (knee) will remain on the 49ers' reserve/non-football injury list for the rest of the 2025 season, Matt Maiocco of NBC Sports Bay Area reports.",Unknown,ESPN,2026-01-10 17:25:45.059467
Nick Martin,LB,Jan 17,IR,Dec 20: The 49ers placed Martin (concussion) on injured reserve Saturday.,Unknown,ESPN,2026-01-10 17:25:45.059467
Brandon Aiyuk,WR,Feb 9,Out,"Dec 13: The 49ers placed Aiyuk (knee) on the reserve/left squad list Saturday, Matt Barrows of The Athletic reports.",Unknown,ESPN,2026-01-10 17:25:45.059467
Ben Bartch,G,Jan 17,IR,Dec 8: The 49ers placed Bartch (foot) on injured reserve Monday.,Unknown,ESPN,2026-01-10 17:25:45.059467
Mykel Williams,DE,Feb 9,IR,Nov 8: The 49ers placed Williams (knee) on injured reserve Saturday.,Unknown,ESPN,2026-01-10 17:25:45.059467
Nick Bosa,DE,Feb 9,IR,"Sep 26: Bosa (knee) underwent surgery to address his torn ACL on Friday, Cam Inman of The San Jose Mercury News reports.",Unknown,ESPN,2026-01-10 17:25:45.059467
Jakob Robinson,CB,Feb 9,IR,Aug 27: Robinson (forearm) was placed on injured reserve Tuesday.,Unknown,ESPN,2026-01-10 17:25:45.059467
Patrick Taylor Jr.,RB,Feb 9,IR,"Aug 19: Taylor will undergo season-ending surgery to repair a fracture in his shoulder, Nick Wagoner of ESPN.com reports.",Unknown,ESPN,2026-01-10 17:25:45.059467
Tarron Jackson,DE,Feb 9,IR,"Jul 29: Jackson (undisclosed) was discharged from the hospital and returned to the 49ers' training camp Monday, Matt Maiocco of NBC Sports Bay Area reports.",Unknown,ESPN,2026-01-10 17:25:45.059467
Trent Taylor,WR,Feb 9,IR,Jun 3: The 49ers placed Taylor (undisclosed) on injured reserve Tuesday.,Unknown,ESPN,2026-01-10 17:25:45.059467
Tre Tomlinson,CB,Feb 9,IR,"May 13: Tomlinson (undisclosed) reverted to the 49ers' injured reserve Tuesday, per the NFL's transaction log.",Unknown,ESPN,2026-01-10 17:25:45.059467
Elijah Arroyo,TE,Jan 17,IR,"Jan 7: The Seahawks announced Wednesday that Arroyo (knee) has been designated to return to practice from IR, Brady Henderson of ESPN.com reports.",Unknown,ESPN,2026-01-10 17:25:45.059467
Charles Cross,OT,Jan 17,Questionable,,Unknown,ESPN,2026-01-10 17:25:45.059467
Coby Bryant,S,Jan 17,Questionable,,Unknown,ESPN,2026-01-10 17:25:45.059467
Tory Horton,WR,Jan 17,IR,"Jan 2: Coach Mike Macdonald said Friday that the Seahawks ""are planning on not having"" Horton (shin) for the postseason, Gregg Bell of The Tacoma News Tribune reports.",Unknown,ESPN,2026-01-10 17:25:45.059467
Cody White,WR,Feb 9,IR,"Dec 30: The Seahawks moved White (groin) to injured reserve Tuesday, John Boyle of the team's official site reports.",Unknown,ESPN,2026-01-10 17:25:45.059467
George Holani,RB,Jan 17,IR,"Nov 29: The Seahawks placed Holani (hamstring) on injured reserve Saturday, John Boyle of the team's official site reports.",Unknown,ESPN,2026-01-10 17:25:45.059467
Chazz Surratt,LB,Jan 17,IR,"Nov 26: The Seahawks placed Surratt (ankle) on injured reserve Wednesday, John Boyle of the team's official site reports.",Unknown,ESPN,2026-01-10 17:25:45.059467
AJ Finley,S,Feb 9,IR,"Aug 4: The Seahawks placed Finley (knee) on injured reserve Monday, Corbin K. Smith of SI.com reports.",Unknown,ESPN,2026-01-10 17:25:45.059467
Kenny McIntosh,RB,Feb 9,IR,"Jul 28: The Seahawks placed McIntosh (knee) on injured reserve Monday, Curtis Crabtree of Fox 13 Seattle reports.",Unknown,ESPN,2026-01-10 17:25:45.059467
Ben Bredeson,G,Feb 9,IR,"Jan 9: Bredeson (knee) is expected to be fully healthy in time to participate in Tampa Bay's offseason program, Greg Auman of Fox Sports reports.",Unknown,ESPN,2026-01-10 17:25:45.059467
Anthony Nelson,LB,Feb 9,Questionable,,Unknown,ESPN,2026-01-10 17:25:45.059467
Jamel Dean,CB,Feb 9,Questionable,,Unknown,ESPN,2026-01-10 17:25:45.059467
Anthony Walker Jr.,LB,Feb 9,Questionable,Jan 3: Walker (ankle) has been ruled out for the remainder of Saturday's game against the Panthers.,Unknown,ESPN,2026-01-10 17:25:45.059467
Zyon McCollum,CB,Feb 9,IR,"Dec 15: McCollum (hip) was placed on the injured reserve list Monday, Scott Smith of the Buccaneers' official site reports.",Unknown,ESPN,2026-01-10 17:25:45.059467
Ko Kieft,TE,Feb 9,IR,"Sep 23: The Buccaneers placed Kieft on injured reserve Tuesday due to a leg injury, Greg Auman of Fox Sports reports.",Unknown,ESPN,2026-01-10 17:25:45.059467
Cody Mauch,G,Feb 9,IR,Sep 18: Tampa Bay placed Mauch (knee) on injured reserve Thursday.,Unknown,ESPN,2026-01-10 17:25:45.059467
Jaden Smith,WR,Feb 9,IR,"Aug 27: Smith (undisclosed) reverted to injured reserve Wednesday, per the NFL's transaction log.",Unknown,ESPN,2026-01-10 17:25:45.059467
JJ Roberts,S,Feb 9,IR,"Aug 18: Tampa Bay placed Roberts (knee) on injured reserve Monday, Scott Smith of the team's official website reports.",Unknown,ESPN,2026-01-10 17:25:45.059467
David Walker,LB,Feb 9,IR,"Aug 2: The Buccaneers placed Walker (knee) on injured reserve Saturday, Adam Schefter of ESPN reports.",Unknown,ESPN,2026-01-10 17:25:45.059467
James Williams Sr.,LB,Feb 9,Questionable,"Jan 5: Williams suffered an AC joint injury in his right shoulder during Sunday's matchup against the Jaguars, Paul Kuharsky of PaulKuharsky.com reports.",Unknown,ESPN,2026-01-10 17:25:45.059467
Cam Ward,QB,Feb 9,Questionable,"Jan 5: Ward was diagnosed with an AC joint sprain in his right shoulder after undergoing testing Monday and isn't expected to require offseason surgery, Adam Schefter of ESPN reports.",Unknown,ESPN,2026-01-10 17:25:45.059467
Arden Key,LB,Feb 9,Questionable,,Unknown,ESPN,2026-01-10 17:25:45.059467
Amani Hooker,S,Feb 9,Questionable,,Unknown,ESPN,2026-01-10 17:25:45.059467
Gunnar Helm,TE,Feb 9,Questionable,,Unknown,ESPN,2026-01-10 17:25:45.059467
Kevin Zeitler,G,Feb 9,Questionable,Jan 4: Zeitler (quadriceps) has been ruled out for the rest of Sunday's game against the Jaguars.,Unknown,ESPN,2026-01-10 17:25:45.059467
Corey Levin,C,Feb 9,Questionable,"Jan 4: Levin (biceps) is out for the remainder of Sunday's game against the Jaguars, Paul Kuharsky of PaulKuharsky.com reports.",Unknown,ESPN,2026-01-10 17:25:45.059467
Jalyn Armour-Davis,CB,Feb 9,IR,"Jan 3: The Titans placed Armour-Davis (Achilles) on injured reserve Saturday, Jim Wyatt of the team's official site reports.",Unknown,ESPN,2026-01-10 17:25:45.059467
Van Jefferson,WR,Feb 9,IR,"Jan 3: The Titans placed Jefferson (forearm) on injured reserve Saturday, Jim Wyatt of the team's official site reports.",Unknown,ESPN,2026-01-10 17:25:45.059467
Oluwafemi Oladejo,LB,Feb 9,IR,"Jan 2: Oladejo (lower leg) has been ruled out for Sunday's game against the Jaguars, Jim Wyatt of the Titans' official site reports.",Unknown,ESPN,2026-01-10 17:25:45.059467
Marcus Harris,CB,Feb 9,IR,"Dec 27: The Titans placed Harris (knee) on injured reserve Saturday, Jim Wyatt of the team's official site reports.",Unknown,ESPN,2026-01-10 17:25:45.059467
Xavier Woods,S,Feb 9,IR,"Dec 16: The Titans placed Woods (hamstring) on injured reserve Tuesday, Jim Wyatt of the team's official site reports.",Unknown,ESPN,2026-01-10 17:25:45.059467
Kevin Winston Jr.,S,Feb 9,IR,"Dec 16: The Titans placed Winston (hamstring) on injured reserve Tuesday, Jim Wyatt of the team's official site reports.",Unknown,ESPN,2026-01-10 17:25:45.059467
Mike Brown,S,Feb 9,IR,Dec 16: The Titans placed Brown (ankle) on injured reserve Tuesday.,Unknown,ESPN,2026-01-10 17:25:45.059467
Calvin Ridley,WR,Feb 9,IR,"Nov 18: The Titans placed Ridley (fibula) on injured reserve Tuesday, Jim Wyatt of the team's official site reports.",Unknown,ESPN,2026-01-10 17:25:45.059467
Blake Hance,G,Feb 9,IR,"Oct 30: Hance (shoulder) was placed on injured reserve Thursday, Jim Wyatt of the Titans' official website reports.",Unknown,ESPN,2026-01-10 17:25:45.059467
L'Jarius Sneed,CB,Feb 9,IR,"Oct 23: Sneed (quadriceps) was placed on injured reserve Thursday, Jim Wyatt of the Titans' official site reports.",Unknown,ESPN,2026-01-10 17:25:45.059467
Anfernee Orji,LB,Feb 9,IR,"Aug 13: Orji (knee) reverted to injured reserve with the Titans on Wednesday, per the NFL's official transaction log.",Unknown,ESPN,2026-01-10 17:25:45.059467
Will Levis,QB,Feb 9,IR,"Jul 23: Levis (shoulder) was placed on IR by the Titans on Wednesday, Jim Wyatt of the team's official site reports.",Unknown,ESPN,2026-01-10 17:25:45.059467
Luke McCaffrey,WR,Feb 9,IR,"Jan 9: McCaffrey (collarbone) caught 11 of 15 targets for 203 yards and three touchdowns across nine regular-season games in 2025. Additionally, he recorded 769 kick return yards.",Unknown,ESPN,2026-01-10 17:25:45.059467
Laremy Tunsil,OT,Feb 9,Questionable,,Unknown,ESPN,2026-01-10 17:25:45.059467
Marcus Mariota,QB,Feb 9,Questionable,,Unknown,ESPN,2026-01-10 17:25:45.059467
Jayden Daniels,QB,Feb 9,Questionable,,Unknown,ESPN,2026-01-10 17:25:45.059467
Tyler Biadasz,C,Feb 9,IR,Dec 31: The Commanders placed Biadasz (ankle/knee) on injured reserve Wednesday.,Unknown,ESPN,2026-01-10 17:25:45.059467
Eddie Goldman,DT,Feb 9,IR,,Unknown,ESPN,2026-01-10 17:25:45.059467
Sam Cosmi,G,Feb 9,IR,Dec 22: The Commanders placed Cosmi (concussion) on injured reserve Monday.,Unknown,ESPN,2026-01-10 17:25:45.059467
Jaylin Lane,WR,Feb 9,IR,Dec 22: The Commanders placed Lane (ankle) on injured reserve Monday.,Unknown,ESPN,2026-01-10 17:25:45.059467
Javontae Jean-Baptiste,DE,Feb 9,IR,"Dec 16: Coach Dan Quinn confirmed today that no players on injured reserve, including Jean-Baptiste (pectoral), will return for the end of the year, Tom Schad of The Washington Post reports.",Unknown,ESPN,2026-01-10 17:25:45.059467
Trey Amos,CB,Feb 9,IR,"Dec 16: Coach Dan Quinn does not anticipate activating any players currently on injured reserve, including Amos (lower leg), Ben Standig of Big 100 Washington D.C. reports.",Unknown,ESPN,2026-01-10 17:25:45.059467
Noah Brown,WR,Feb 9,IR,Dec 16: The Commanders placed Brown (rib) on injured reserve Tuesday.,Unknown,ESPN,2026-01-10 17:25:45.059467
Zach Ertz,TE,Feb 9,IR,Dec 10: The Commanders placed Ertz (knee) on injured reserve Wednesday.,Unknown,ESPN,2026-01-10 17:25:45.059467
Marshon Lattimore,CB,Feb 9,IR,Nov 4: The Commanders placed  Lattimore (knee) on injured reserve Tuesday.,Unknown,ESPN,2026-01-10 17:25:45.059467
Dorance Armstrong,DE,Feb 9,IR,"Oct 20: Coach Dan Quinn said Monday that Armstrong (knee) will miss the remainder of the season, Commanders writer Ben Standig reports.",Unknown,ESPN,2026-01-10 17:25:45.059467
Deatrich Wise Jr.,DE,Feb 9,IR,Sep 15: Washington placed Wise (quadriceps) on injured reserve Monday.,Unknown,ESPN,2026-01-10 17:25:45.059467
Austin Ekeler,RB,Feb 9,IR,Sep 15: The Commanders officially placed Ekeler (Achilles) on injured reserve Monday.,Unknown,ESPN,2026-01-10 17:25:45.059467
Lucas Niang,OT,Feb 9,IR,Aug 11: Niang (knee) was placed on injured reserve Monday.,Unknown,ESPN,2026-01-10 17:25:45.059467
Tyree Jackson,TE,Feb 9,IR,Aug 2: The Commanders placed Jackson (undisclosed) on injured reserve Saturday.,Unknown,ESPN,2026-01-10 17:25:45.059467
